##NODES##
442,SUM
441,PRD
426,SUM
415,PRD
374,SUM
362,PRD
346,SUM
341,PRD
272,CATNODE,7,3.329559832190187E-5,3.329559832190187E-5,3.329559832190187E-5,3.329559832190187E-5,3.329559832190187E-5,3.329559832190187E-5,0.9983685156822266,3.329559832190187E-5,3.329559832190187E-5,3.329559832190187E-5,3.329559832190187E-5,3.329559832190187E-5,3.329559832190187E-5,3.329559832190187E-5,3.329559832190187E-5,3.329559832190187E-5,3.329559832190187E-5,3.329559832190187E-5,3.329559832190187E-5,3.329559832190187E-5,3.329559832190187E-5,3.329559832190187E-5,3.329559832190187E-5,3.329559832190187E-5,3.329559832190187E-5,3.329559832190187E-5,3.329559832190187E-5,3.329559832190187E-5,3.329559832190187E-5,3.329559832190187E-5,3.329559832190187E-5,3.329559832190187E-5,3.329559832190187E-5,3.329559832190187E-5,3.329559832190187E-5,3.329559832190187E-5,3.329559832190187E-5,3.329559832190187E-5,3.329559832190187E-5,3.329559832190187E-5,3.329559832190187E-5,3.329559832190187E-5,3.329559832190187E-5,3.329559832190187E-5,3.329559832190187E-5,3.329559832190187E-5,3.329559832190187E-5,3.329559832190187E-5,3.329559832190187E-5,3.329559832190187E-5
273,CATNODE,2,3.334667200213418E-5,0.34577164199012933,0.3329665199413098,0.32122849139655857
340,PRD
274,CATNODE,2,0.9999214906312154,2.616978959489166E-5,2.616978959489166E-5,2.616978959489166E-5
275,CATNODE,7,2.6138324010664425E-5,2.6138324010664425E-5,2.6138324010664425E-5,2.6138324010664425E-5,2.6138324010664425E-5,2.6138324010664425E-5,0.2986303518218413,2.6138324010664425E-5,2.6138324010664425E-5,2.6138324010664425E-5,2.6138324010664425E-5,2.6138324010664425E-5,2.6138324010664425E-5,2.6138324010664425E-5,2.6138324010664425E-5,2.6138324010664425E-5,2.6138324010664425E-5,2.6138324010664425E-5,2.6138324010664425E-5,2.6138324010664425E-5,2.6138324010664425E-5,2.6138324010664425E-5,2.6138324010664425E-5,2.6138324010664425E-5,2.6138324010664425E-5,2.6138324010664425E-5,2.6138324010664425E-5,2.6138324010664425E-5,2.6138324010664425E-5,2.6138324010664425E-5,2.6138324010664425E-5,2.6138324010664425E-5,2.6138324010664425E-5,2.6138324010664425E-5,2.6138324010664425E-5,2.6138324010664425E-5,2.6138324010664425E-5,2.6138324010664425E-5,2.6138324010664425E-5,2.6138324010664425E-5,2.6138324010664425E-5,2.6138324010664425E-5,2.6138324010664425E-5,2.6138324010664425E-5,2.6138324010664425E-5,0.7001150086256467,2.6138324010664425E-5,2.6138324010664425E-5,2.6138324010664425E-5,2.6138324010664425E-5
131,CATNODE,3,1.466383165921256E-5,0.9999706723366811,1.466383165921256E-5
361,PRD
132,CATNODE,7,3.597898827084984E-5,3.597898827084984E-5,3.597898827084984E-5,3.597898827084984E-5,3.597898827084984E-5,3.597898827084984E-5,3.597898827084984E-5,3.597898827084984E-5,3.597898827084984E-5,3.597898827084984E-5,3.597898827084984E-5,3.597898827084984E-5,3.597898827084984E-5,3.597898827084984E-5,3.597898827084984E-5,3.597898827084984E-5,3.597898827084984E-5,3.597898827084984E-5,3.597898827084984E-5,3.597898827084984E-5,3.597898827084984E-5,3.597898827084984E-5,3.597898827084984E-5,3.597898827084984E-5,3.597898827084984E-5,3.597898827084984E-5,3.597898827084984E-5,3.597898827084984E-5,0.998237029574728,3.597898827084984E-5,3.597898827084984E-5,3.597898827084984E-5,3.597898827084984E-5,3.597898827084984E-5,3.597898827084984E-5,3.597898827084984E-5,3.597898827084984E-5,3.597898827084984E-5,3.597898827084984E-5,3.597898827084984E-5,3.597898827084984E-5,3.597898827084984E-5,3.597898827084984E-5,3.597898827084984E-5,3.597898827084984E-5,3.597898827084984E-5,3.597898827084984E-5,3.597898827084984E-5,3.597898827084984E-5,3.597898827084984E-5
208,CATNODE,2,0.9998918840997544,3.603863341502088E-5,3.603863341502088E-5,3.603863341502088E-5
209,CATNODE,3,0.9999279201355095,3.603993224492735E-5,3.603993224492735E-5
20,CATNODE,5,1.0423181154888465E-5,1.0423181154888465E-5,0.9999687304565344,1.0423181154888465E-5
414,PRD
21,CATNODE,2,0.9998842771177282,3.8574294090418115E-5,3.8574294090418115E-5,3.8574294090418115E-5
76,CATNODE,7,3.8505968425105886E-5,3.8505968425105886E-5,3.8505968425105886E-5,3.8505968425105886E-5,3.8505968425105886E-5,3.8505968425105886E-5,3.8505968425105886E-5,0.9981132075471699,3.8505968425105886E-5,3.8505968425105886E-5,3.8505968425105886E-5,3.8505968425105886E-5,3.8505968425105886E-5,3.8505968425105886E-5,3.8505968425105886E-5,3.8505968425105886E-5,3.8505968425105886E-5,3.8505968425105886E-5,3.8505968425105886E-5,3.8505968425105886E-5,3.8505968425105886E-5,3.8505968425105886E-5,3.8505968425105886E-5,3.8505968425105886E-5,3.8505968425105886E-5,3.8505968425105886E-5,3.8505968425105886E-5,3.8505968425105886E-5,3.8505968425105886E-5,3.8505968425105886E-5,3.8505968425105886E-5,3.8505968425105886E-5,3.8505968425105886E-5,3.8505968425105886E-5,3.8505968425105886E-5,3.8505968425105886E-5,3.8505968425105886E-5,3.8505968425105886E-5,3.8505968425105886E-5,3.8505968425105886E-5,3.8505968425105886E-5,3.8505968425105886E-5,3.8505968425105886E-5,3.8505968425105886E-5,3.8505968425105886E-5,3.8505968425105886E-5,3.8505968425105886E-5,3.8505968425105886E-5,3.8505968425105886E-5,3.8505968425105886E-5
133,CATNODE,5,0.9998842771177282,3.8574294090418115E-5,3.8574294090418115E-5,3.8574294090418115E-5
134,CATNODE,3,3.8575782123982586E-5,0.999922848435752,3.8575782123982586E-5
4,CATNODE,0,0.11134452057604716,0.11081934927994082,0.11055676363188764,0.10504246502277108,0.10819349279940908,0.10976900668772813,0.1176465761293233,0.11265744881631302,0.1139703770565789
22,CATNODE,1,8.206138191367135E-6,0.9999753815854261,8.206138191367135E-6,8.206138191367135E-6
77,CATNODE,4,0.12027243260985504,0.10924383539162176,0.12920034464366298,0.10740573585524957,0.11029417798383445,0.11055676363188764,0.10267919419029249,0.10530505067082423,0.10504246502277108
78,CATNODE,6,8.206205532623772E-6,8.206205532623772E-6,0.9999835875889359
440,PRD
425,SUM
413,PRD
23,CATNODE,5,0.9999126383226559,2.9120559114735012E-5,2.9120559114735012E-5,2.9120559114735012E-5
79,CATNODE,7,2.908160297795613E-5,2.908160297795613E-5,2.908160297795613E-5,2.908160297795613E-5,2.908160297795613E-5,0.5639795265515036,2.908160297795613E-5,2.908160297795613E-5,2.908160297795613E-5,2.908160297795613E-5,2.908160297795613E-5,2.908160297795613E-5,2.908160297795613E-5,2.908160297795613E-5,2.908160297795613E-5,2.908160297795613E-5,2.908160297795613E-5,2.908160297795613E-5,2.908160297795613E-5,2.908160297795613E-5,2.908160297795613E-5,2.908160297795613E-5,2.908160297795613E-5,2.908160297795613E-5,2.908160297795613E-5,2.908160297795613E-5,2.908160297795613E-5,2.908160297795613E-5,2.908160297795613E-5,2.908160297795613E-5,2.908160297795613E-5,2.908160297795613E-5,2.908160297795613E-5,2.908160297795613E-5,2.908160297795613E-5,0.18708195195719193,2.908160297795613E-5,2.908160297795613E-5,2.908160297795613E-5,2.908160297795613E-5,2.908160297795613E-5,2.908160297795613E-5,0.24757168615134062,2.908160297795613E-5,2.908160297795613E-5,2.908160297795613E-5,2.908160297795613E-5,2.908160297795613E-5,2.908160297795613E-5,2.908160297795613E-5
135,CATNODE,4,0.10904061726597758,0.1202212840296986,0.1267433396418692,0.10345028388411696,0.08574756150822536,0.10531372834473714,0.10997233949628762,0.11369922841752797,0.12581161741155916
210,CATNODE,2,0.9999126383226559,2.9120559114735012E-5,2.9120559114735012E-5,2.9120559114735012E-5
211,CATNODE,0,0.10997233949628762,0.12301645072062885,0.11928956179938854,0.10810889503566748,0.10438200611442713,0.0987916727325666,0.10531372834473714,0.11835783956907844,0.11276750618721787
412,PRD
24,CATNODE,4,5.577555914998047E-5,5.577555914998047E-5,0.9995537955268008,5.577555914998047E-5,5.577555914998047E-5,5.577555914998047E-5,5.577555914998047E-5,5.577555914998047E-5,5.577555914998047E-5
80,CATNODE,0,5.577555914998047E-5,5.577555914998047E-5,5.577555914998047E-5,0.9995537955268008,5.577555914998047E-5,5.577555914998047E-5,5.577555914998047E-5,5.577555914998047E-5,5.577555914998047E-5
136,CATNODE,2,0.2624972104440974,0.23036152644499,0.24107342111135915,0.2660678419995537
212,CATNODE,5,0.20715242133452363,0.2732091051104665,0.26071189466636907,0.2589265788886409
213,CATNODE,7,5.564830272676686E-5,5.564830272676686E-5,5.564830272676686E-5,5.564830272676686E-5,5.564830272676686E-5,5.564830272676686E-5,5.564830272676686E-5,5.564830272676686E-5,5.564830272676686E-5,5.564830272676686E-5,5.564830272676686E-5,5.564830272676686E-5,5.564830272676686E-5,5.564830272676686E-5,5.564830272676686E-5,5.564830272676686E-5,5.564830272676686E-5,5.564830272676686E-5,5.564830272676686E-5,5.564830272676686E-5,5.564830272676686E-5,5.564830272676686E-5,5.564830272676686E-5,5.564830272676686E-5,5.564830272676686E-5,5.564830272676686E-5,5.564830272676686E-5,0.9972732331663888,5.564830272676686E-5,5.564830272676686E-5,5.564830272676686E-5,5.564830272676686E-5,5.564830272676686E-5,5.564830272676686E-5,5.564830272676686E-5,5.564830272676686E-5,5.564830272676686E-5,5.564830272676686E-5,5.564830272676686E-5,5.564830272676686E-5,5.564830272676686E-5,5.564830272676686E-5,5.564830272676686E-5,5.564830272676686E-5,5.564830272676686E-5,5.564830272676686E-5,5.564830272676686E-5,5.564830272676686E-5,5.564830272676686E-5,5.564830272676686E-5
411,PRD
25,CATNODE,4,0.10507451424259572,0.10386719486889266,0.08696472363704957,0.11473306923222032,0.10748915299000189,0.10990379173740804,0.1292209017166572,0.12559894359554793,0.11714770797962644
81,CATNODE,0,3.772873042822107E-5,3.772873042822107E-5,3.772873042822107E-5,0.9996981701565745,3.772873042822107E-5,3.772873042822107E-5,3.772873042822107E-5,3.772873042822107E-5,3.772873042822107E-5
137,CATNODE,5,3.773584905660376E-5,3.773584905660376E-5,3.773584905660376E-5,0.9998867924528307
214,CATNODE,2,0.2427547169811322,0.2681132075471698,0.24999999999999994,0.2391320754716982
215,CATNODE,7,3.7670458826188527E-5,3.7670458826188527E-5,3.7670458826188527E-5,3.7670458826188527E-5,3.7670458826188527E-5,3.7670458826188527E-5,3.7670458826188527E-5,3.7670458826188527E-5,3.7670458826188527E-5,3.7670458826188527E-5,3.7670458826188527E-5,3.7670458826188527E-5,3.7670458826188527E-5,3.7670458826188527E-5,3.7670458826188527E-5,3.7670458826188527E-5,3.7670458826188527E-5,3.7670458826188527E-5,0.9981541475175173,3.7670458826188527E-5,3.7670458826188527E-5,3.7670458826188527E-5,3.7670458826188527E-5,3.7670458826188527E-5,3.7670458826188527E-5,3.7670458826188527E-5,3.7670458826188527E-5,3.7670458826188527E-5,3.7670458826188527E-5,3.7670458826188527E-5,3.7670458826188527E-5,3.7670458826188527E-5,3.7670458826188527E-5,3.7670458826188527E-5,3.7670458826188527E-5,3.7670458826188527E-5,3.7670458826188527E-5,3.7670458826188527E-5,3.7670458826188527E-5,3.7670458826188527E-5,3.7670458826188527E-5,3.7670458826188527E-5,3.7670458826188527E-5,3.7670458826188527E-5,3.7670458826188527E-5,3.7670458826188527E-5,3.7670458826188527E-5,3.7670458826188527E-5,3.7670458826188527E-5,3.7670458826188527E-5
5,CATNODE,3,0.9999746047869982,1.2697606501174528E-5,1.2697606501174528E-5
26,CATNODE,1,0.9999619076641781,1.2697445274010863E-5,1.2697445274010863E-5,1.2697445274010863E-5
27,CATNODE,6,1.2697606501174528E-5,1.2697606501174528E-5,0.9999746047869982
439,PRD
0,CATNODE,7,0.9981869311033819,3.7001406053430016E-5,3.7001406053430016E-5,3.7001406053430016E-5,3.7001406053430016E-5,3.7001406053430016E-5,3.7001406053430016E-5,3.7001406053430016E-5,3.7001406053430016E-5,3.7001406053430016E-5,3.7001406053430016E-5,3.7001406053430016E-5,3.7001406053430016E-5,3.7001406053430016E-5,3.7001406053430016E-5,3.7001406053430016E-5,3.7001406053430016E-5,3.7001406053430016E-5,3.7001406053430016E-5,3.7001406053430016E-5,3.7001406053430016E-5,3.7001406053430016E-5,3.7001406053430016E-5,3.7001406053430016E-5,3.7001406053430016E-5,3.7001406053430016E-5,3.7001406053430016E-5,3.7001406053430016E-5,3.7001406053430016E-5,3.7001406053430016E-5,3.7001406053430016E-5,3.7001406053430016E-5,3.7001406053430016E-5,3.7001406053430016E-5,3.7001406053430016E-5,3.7001406053430016E-5,3.7001406053430016E-5,3.7001406053430016E-5,3.7001406053430016E-5,3.7001406053430016E-5,3.7001406053430016E-5,3.7001406053430016E-5,3.7001406053430016E-5,3.7001406053430016E-5,3.7001406053430016E-5,3.7001406053430016E-5,3.7001406053430016E-5,3.7001406053430016E-5,3.7001406053430016E-5,3.7001406053430016E-5
6,CATNODE,0,3.7057624606262736E-5,3.7057624606262736E-5,3.7057624606262736E-5,3.7057624606262736E-5,0.9997035390031493,3.7057624606262736E-5,3.7057624606262736E-5,3.7057624606262736E-5,3.7057624606262736E-5
28,CATNODE,3,3.70658660439601E-5,0.9999258682679121,3.70658660439601E-5
82,CATNODE,2,0.23250555967383263,0.2574128984432914,0.2562268346923647,0.2538547071905117
138,CATNODE,1,0.9998888065233508,3.706449221645663E-5,3.706449221645663E-5,3.706449221645663E-5
216,CATNODE,6,3.70658660439601E-5,3.70658660439601E-5,0.9999258682679121
276,CATNODE,5,3.706449221645663E-5,0.9998888065233508,3.706449221645663E-5,3.706449221645663E-5
277,CATNODE,4,0.13640911617565304,0.14115249212525477,0.09964795256624048,0.09371873262923841,0.10557717250324251,0.10794886047804333,0.11506392440244573,0.10201964054104129,0.09846210857884004
438,PRD
424,SUM
410,PRD
29,CATNODE,2,0.9999183451279258,2.7218290691344564E-5,2.7218290691344564E-5,2.7218290691344564E-5
83,CATNODE,5,2.7218290691344564E-5,2.7218290691344564E-5,0.9999183451279258,2.7218290691344564E-5
139,CATNODE,4,2.721458701864198E-5,2.721458701864198E-5,0.9997822833038509,2.721458701864198E-5,2.721458701864198E-5,2.721458701864198E-5,2.721458701864198E-5,2.721458701864198E-5,2.721458701864198E-5
217,CATNODE,7,2.718425487957376E-5,2.718425487957376E-5,2.718425487957376E-5,2.718425487957376E-5,2.718425487957376E-5,2.718425487957376E-5,2.718425487957376E-5,2.718425487957376E-5,2.718425487957376E-5,2.718425487957376E-5,2.718425487957376E-5,2.718425487957376E-5,2.718425487957376E-5,2.718425487957376E-5,2.718425487957376E-5,2.718425487957376E-5,2.718425487957376E-5,2.718425487957376E-5,2.718425487957376E-5,2.718425487957376E-5,2.718425487957376E-5,2.718425487957376E-5,0.9986679715109008,2.718425487957376E-5,2.718425487957376E-5,2.718425487957376E-5,2.718425487957376E-5,2.718425487957376E-5,2.718425487957376E-5,2.718425487957376E-5,2.718425487957376E-5,2.718425487957376E-5,2.718425487957376E-5,2.718425487957376E-5,2.718425487957376E-5,2.718425487957376E-5,2.718425487957376E-5,2.718425487957376E-5,2.718425487957376E-5,2.718425487957376E-5,2.718425487957376E-5,2.718425487957376E-5,2.718425487957376E-5,2.718425487957376E-5,2.718425487957376E-5,2.718425487957376E-5,2.718425487957376E-5,2.718425487957376E-5,2.718425487957376E-5,2.718425487957376E-5
218,CATNODE,0,0.09843516124642804,0.10104776160021774,0.10540209552320041,0.10801469587699009,0.10104776160021774,0.12630289835351743,0.12020683086134169,0.12630289835351743,0.11323989658456936
409,PRD
30,CATNODE,4,4.010105465773749E-5,4.010105465773749E-5,0.9996791915627382,4.010105465773749E-5,4.010105465773749E-5,4.010105465773749E-5,4.010105465773749E-5,4.010105465773749E-5,4.010105465773749E-5
84,CATNODE,5,4.0109096743141335E-5,0.9998796727097705,4.0109096743141335E-5,4.0109096743141335E-5
140,CATNODE,2,0.24390341729504247,0.2554548371570673,0.24518690839082313,0.2554548371570673
219,CATNODE,7,4.003523100328286E-5,4.003523100328286E-5,4.003523100328286E-5,4.003523100328286E-5,4.003523100328286E-5,4.003523100328286E-5,4.003523100328286E-5,4.003523100328286E-5,4.003523100328286E-5,4.003523100328286E-5,4.003523100328286E-5,4.003523100328286E-5,4.003523100328286E-5,4.003523100328286E-5,4.003523100328286E-5,4.003523100328286E-5,4.003523100328286E-5,4.003523100328286E-5,4.003523100328286E-5,4.003523100328286E-5,0.07306429658099123,4.003523100328286E-5,4.003523100328286E-5,4.003523100328286E-5,4.003523100328286E-5,4.003523100328286E-5,4.003523100328286E-5,4.003523100328286E-5,4.003523100328286E-5,4.003523100328286E-5,4.003523100328286E-5,4.003523100328286E-5,4.003523100328286E-5,4.003523100328286E-5,4.003523100328286E-5,4.003523100328286E-5,0.9250140123308511,4.003523100328286E-5,4.003523100328286E-5,4.003523100328286E-5,4.003523100328286E-5,4.003523100328286E-5,4.003523100328286E-5,4.003523100328286E-5,4.003523100328286E-5,4.003523100328286E-5,4.003523100328286E-5,4.003523100328286E-5,4.003523100328286E-5,4.003523100328286E-5
220,CATNODE,0,0.12323054096322734,0.10013233348037055,0.12836347595941777,0.11553113846894172,0.1091149697237038,0.09371616473513254,0.11681437221798939,0.1091149697237038,0.10398203472751331
408,PRD
31,CATNODE,0,5.460601758313763E-5,5.460601758313763E-5,0.9995631518593349,5.460601758313763E-5,5.460601758313763E-5,5.460601758313763E-5,5.460601758313763E-5,5.460601758313763E-5,5.460601758313763E-5
85,CATNODE,5,5.462093074065982E-5,0.9998361372077786,5.462093074065982E-5,5.462093074065982E-5
141,CATNODE,2,0.2674786978370113,0.23601704173039123,0.23426917194669003,0.262235088485908
221,CATNODE,4,0.10839294490252824,0.10839294490252824,0.12761426309179266,0.10140337465188662,0.12761426309179266,0.10664555233986787,0.11538251515316987,0.11014033746518866,0.094413804401245
222,CATNODE,7,5.4484036177400054E-5,5.4484036177400054E-5,5.4484036177400054E-5,5.4484036177400054E-5,5.4484036177400054E-5,5.4484036177400054E-5,5.4484036177400054E-5,5.4484036177400054E-5,5.4484036177400054E-5,5.4484036177400054E-5,5.4484036177400054E-5,5.4484036177400054E-5,5.4484036177400054E-5,5.4484036177400054E-5,5.4484036177400054E-5,0.9973302822273077,5.4484036177400054E-5,5.4484036177400054E-5,5.4484036177400054E-5,5.4484036177400054E-5,5.4484036177400054E-5,5.4484036177400054E-5,5.4484036177400054E-5,5.4484036177400054E-5,5.4484036177400054E-5,5.4484036177400054E-5,5.4484036177400054E-5,5.4484036177400054E-5,5.4484036177400054E-5,5.4484036177400054E-5,5.4484036177400054E-5,5.4484036177400054E-5,5.4484036177400054E-5,5.4484036177400054E-5,5.4484036177400054E-5,5.4484036177400054E-5,5.4484036177400054E-5,5.4484036177400054E-5,5.4484036177400054E-5,5.4484036177400054E-5,5.4484036177400054E-5,5.4484036177400054E-5,5.4484036177400054E-5,5.4484036177400054E-5,5.4484036177400054E-5,5.4484036177400054E-5,5.4484036177400054E-5,5.4484036177400054E-5,5.4484036177400054E-5,5.4484036177400054E-5
7,CATNODE,1,0.9999624868704041,1.2504376531786117E-5,1.2504376531786117E-5,1.2504376531786117E-5
32,CATNODE,3,0.9999749909342136,1.2504532893173772E-5,1.2504532893173772E-5
33,CATNODE,6,1.2504532893173772E-5,1.2504532893173772E-5,0.9999749909342136
437,PRD
423,SUM
407,PRD
34,CATNODE,0,0.11295594873657457,0.10299382555907231,0.09303170238157007,0.11627665646240859,0.11461630259949157,0.12457842577699378,0.11627665646240859,0.12457842577699378,0.09469205624448711
86,CATNODE,2,0.29733236454224626,0.34881669088644374,5.189952252439274E-5,0.3537990450487854
142,CATNODE,1,0.9998443014324263,5.189952252439274E-5,5.189952252439274E-5,5.189952252439274E-5
223,CATNODE,3,0.9998961955675506,5.1902216224632775E-5,5.1902216224632775E-5
224,CATNODE,7,5.1775913844879324E-5,5.1775913844879324E-5,5.1775913844879324E-5,5.1775913844879324E-5,5.1775913844879324E-5,5.1775913844879324E-5,5.1775913844879324E-5,5.1775913844879324E-5,5.1775913844879324E-5,5.1775913844879324E-5,5.1775913844879324E-5,5.1775913844879324E-5,5.1775913844879324E-5,5.1775913844879324E-5,5.1775913844879324E-5,5.1775913844879324E-5,5.1775913844879324E-5,5.1775913844879324E-5,5.1775913844879324E-5,5.1775913844879324E-5,0.6346173759966861,5.1775913844879324E-5,5.1775913844879324E-5,5.1775913844879324E-5,5.1775913844879324E-5,5.1775913844879324E-5,5.1775913844879324E-5,5.1775913844879324E-5,5.1775913844879324E-5,5.1775913844879324E-5,5.1775913844879324E-5,5.1775913844879324E-5,5.1775913844879324E-5,5.1775913844879324E-5,5.1775913844879324E-5,5.1775913844879324E-5,5.1775913844879324E-5,5.1775913844879324E-5,5.1775913844879324E-5,5.1775913844879324E-5,5.1775913844879324E-5,5.1775913844879324E-5,5.1775913844879324E-5,5.1775913844879324E-5,5.1775913844879324E-5,5.1775913844879324E-5,5.1775913844879324E-5,5.1775913844879324E-5,0.36289738013875933,5.1775913844879324E-5
406,PRD
35,CATNODE,2,0.34148610199168283,0.35899540380827316,5.471656817684391E-5,0.29946377763186677
87,CATNODE,3,0.9998905608755125,5.471956224350201E-5,5.471956224350201E-5
143,CATNODE,0,0.11208358404901261,0.11908538920190365,0.12083584049012637,0.10158087631967615,0.09457907116678517,0.11558448662545813,0.10683223018434443,0.11208358404901261,0.11733493791368083
225,CATNODE,7,5.4579194411090484E-5,5.4579194411090484E-5,5.4579194411090484E-5,5.4579194411090484E-5,5.4579194411090484E-5,5.4579194411090484E-5,5.4579194411090484E-5,5.4579194411090484E-5,5.4579194411090484E-5,5.4579194411090484E-5,5.4579194411090484E-5,5.4579194411090484E-5,5.4579194411090484E-5,5.4579194411090484E-5,5.4579194411090484E-5,5.4579194411090484E-5,5.4579194411090484E-5,5.4579194411090484E-5,5.4579194411090484E-5,5.4579194411090484E-5,5.4579194411090484E-5,5.4579194411090484E-5,5.4579194411090484E-5,5.4579194411090484E-5,5.4579194411090484E-5,5.4579194411090484E-5,5.4579194411090484E-5,5.4579194411090484E-5,5.4579194411090484E-5,5.4579194411090484E-5,5.4579194411090484E-5,5.4579194411090484E-5,5.4579194411090484E-5,5.4579194411090484E-5,5.4579194411090484E-5,5.4579194411090484E-5,5.4579194411090484E-5,5.4579194411090484E-5,5.4579194411090484E-5,5.4579194411090484E-5,5.4579194411090484E-5,5.4579194411090484E-5,5.4579194411090484E-5,5.4579194411090484E-5,5.4579194411090484E-5,5.4579194411090484E-5,5.4579194411090484E-5,5.4579194411090484E-5,0.9973256194738567,5.4579194411090484E-5
226,CATNODE,1,5.471656817684391E-5,0.3502407528999781,0.33098052090172886,0.318724009630116
405,PRD
36,CATNODE,2,0.999914000687995,2.8666437335168008E-5,2.8666437335168008E-5,2.8666437335168008E-5
88,CATNODE,3,2.8667259123355228E-5,0.9999426654817534,2.8667259123355228E-5
144,CATNODE,1,0.2568799449604403,0.2642185529182434,0.22752551312922836,0.2513759889920882
227,CATNODE,0,2.8662329100862757E-5,2.8662329100862757E-5,0.9997707013671935,2.8662329100862757E-5,2.8662329100862757E-5,2.8662329100862757E-5,2.8662329100862757E-5,2.8662329100862757E-5,2.8662329100862757E-5
228,CATNODE,7,2.8628685943315187E-5,2.8628685943315187E-5,2.8628685943315187E-5,2.8628685943315187E-5,2.8628685943315187E-5,2.8628685943315187E-5,2.8628685943315187E-5,2.8628685943315187E-5,2.8628685943315187E-5,2.8628685943315187E-5,2.8628685943315187E-5,2.8628685943315187E-5,2.8628685943315187E-5,2.8628685943315187E-5,2.8628685943315187E-5,2.8628685943315187E-5,2.8628685943315187E-5,2.8628685943315187E-5,2.8628685943315187E-5,2.8628685943315187E-5,2.8628685943315187E-5,2.8628685943315187E-5,2.8628685943315187E-5,2.8628685943315187E-5,2.8628685943315187E-5,2.8628685943315187E-5,2.8628685943315187E-5,2.8628685943315187E-5,2.8628685943315187E-5,2.8628685943315187E-5,2.8628685943315187E-5,2.8628685943315187E-5,2.8628685943315187E-5,2.8628685943315187E-5,2.8628685943315187E-5,2.8628685943315187E-5,2.8628685943315187E-5,2.8628685943315187E-5,2.8628685943315187E-5,0.9985971943887776,2.8628685943315187E-5,2.8628685943315187E-5,2.8628685943315187E-5,2.8628685943315187E-5,2.8628685943315187E-5,2.8628685943315187E-5,2.8628685943315187E-5,2.8628685943315187E-5,2.8628685943315187E-5,2.8628685943315187E-5
8,CATNODE,4,0.10782188470831894,0.12372799447704519,0.09456679323438044,0.11003106662064208,0.10296168450120814,0.11754228512254056,0.11621677597514675,0.11798412150500523,0.10914739385571283
37,CATNODE,5,1.3808340237503441E-5,0.9999585749792868,1.3808340237503441E-5,1.3808340237503441E-5
38,CATNODE,6,1.3808530910396435E-5,1.3808530910396435E-5,0.9999723829381786
436,PRD
1,CATNODE,6,6.348924174798575E-6,6.348924174798575E-6,0.9999873021516505
9,CATNODE,0,0.11072736853466054,0.11479052522648912,0.10849263235415477,0.10828947451956338,0.11214947337680055,0.11377473605353204,0.1072736853466062,0.1111336842038434,0.11336842038434916
373,SUM
360,PRD
145,CATNODE,5,0.9999377954715098,2.0734842829891333E-5,2.0734842829891333E-5,2.0734842829891333E-5
339,SUM
332,PRD
312,CATNODE,1,4.7339519030486615E-5,4.7339519030486615E-5,0.9998579814429078,4.7339519030486615E-5
313,CATNODE,7,4.723665564478036E-5,4.723665564478036E-5,4.723665564478036E-5,4.723665564478036E-5,4.723665564478036E-5,4.723665564478036E-5,4.723665564478036E-5,4.723665564478036E-5,4.723665564478036E-5,4.723665564478036E-5,4.723665564478036E-5,4.723665564478036E-5,4.723665564478036E-5,4.723665564478036E-5,0.21469059990552658,4.723665564478036E-5,4.723665564478036E-5,4.723665564478036E-5,4.723665564478036E-5,4.723665564478036E-5,4.723665564478036E-5,4.723665564478036E-5,4.723665564478036E-5,4.723665564478036E-5,4.723665564478036E-5,4.723665564478036E-5,4.723665564478036E-5,4.723665564478036E-5,4.723665564478036E-5,4.723665564478036E-5,4.723665564478036E-5,4.723665564478036E-5,4.723665564478036E-5,4.723665564478036E-5,4.723665564478036E-5,4.723665564478036E-5,4.723665564478036E-5,4.723665564478036E-5,4.723665564478036E-5,4.723665564478036E-5,0.7830420406235237,4.723665564478036E-5,4.723665564478036E-5,4.723665564478036E-5,4.723665564478036E-5,4.723665564478036E-5,4.723665564478036E-5,4.723665564478036E-5,4.723665564478036E-5,4.723665564478036E-5
331,PRD
314,CATNODE,1,3.688947912055483E-5,3.688947912055483E-5,3.688947912055483E-5,0.9998893315626383
315,CATNODE,7,3.682698681593874E-5,3.682698681593874E-5,3.682698681593874E-5,3.682698681593874E-5,3.682698681593874E-5,3.682698681593874E-5,3.682698681593874E-5,3.682698681593874E-5,3.682698681593874E-5,3.682698681593874E-5,3.682698681593874E-5,3.682698681593874E-5,0.8273182588200632,3.682698681593874E-5,0.17091404581277156,3.682698681593874E-5,3.682698681593874E-5,3.682698681593874E-5,3.682698681593874E-5,3.682698681593874E-5,3.682698681593874E-5,3.682698681593874E-5,3.682698681593874E-5,3.682698681593874E-5,3.682698681593874E-5,3.682698681593874E-5,3.682698681593874E-5,3.682698681593874E-5,3.682698681593874E-5,3.682698681593874E-5,3.682698681593874E-5,3.682698681593874E-5,3.682698681593874E-5,3.682698681593874E-5,3.682698681593874E-5,3.682698681593874E-5,3.682698681593874E-5,3.682698681593874E-5,3.682698681593874E-5,3.682698681593874E-5,3.682698681593874E-5,3.682698681593874E-5,3.682698681593874E-5,3.682698681593874E-5,3.682698681593874E-5,3.682698681593874E-5,3.682698681593874E-5,3.682698681593874E-5,3.682698681593874E-5,3.682698681593874E-5
229,CATNODE,3,2.0735272772513324E-5,0.9999585294544544,2.0735272772513324E-5
359,PRD
345,SUM
338,PRD
278,CATNODE,3,1.4712156655044062E-5,0.9999705756866907,1.4712156655044062E-5
279,CATNODE,7,1.4701990649533936E-5,1.4701990649533936E-5,1.4701990649533936E-5,1.4701990649533936E-5,1.4701990649533936E-5,1.4701990649533936E-5,1.4701990649533936E-5,1.4701990649533936E-5,1.4701990649533936E-5,1.4701990649533936E-5,1.4701990649533936E-5,1.4701990649533936E-5,1.4701990649533936E-5,1.4701990649533936E-5,1.4701990649533936E-5,1.4701990649533936E-5,1.4701990649533936E-5,1.4701990649533936E-5,1.4701990649533936E-5,1.4701990649533936E-5,1.4701990649533936E-5,0.2503013908083155,1.4701990649533936E-5,1.4701990649533936E-5,1.4701990649533936E-5,1.4701990649533936E-5,1.4701990649533936E-5,1.4701990649533936E-5,1.4701990649533936E-5,1.4701990649533936E-5,1.4701990649533936E-5,0.21689846805257423,0.21407568584786366,1.4701990649533936E-5,0.10022347025787287,0.0950483695492369,1.4701990649533936E-5,1.4701990649533936E-5,1.4701990649533936E-5,1.4701990649533936E-5,1.4701990649533936E-5,1.4701990649533936E-5,0.12280572789555706,1.4701990649533936E-5,1.4701990649533936E-5,1.4701990649533936E-5,1.4701990649533936E-5,1.4701990649533936E-5,1.4701990649533936E-5,1.4701990649533936E-5
337,PRD
280,CATNODE,3,6.162568558575214E-5,6.162568558575214E-5,0.9998767486288291
281,CATNODE,7,6.144770800049163E-5,6.144770800049163E-5,6.144770800049163E-5,6.144770800049163E-5,6.144770800049163E-5,6.144770800049163E-5,6.144770800049163E-5,6.144770800049163E-5,6.144770800049163E-5,6.144770800049163E-5,6.144770800049163E-5,0.0452869607963623,6.144770800049163E-5,6.144770800049163E-5,6.144770800049163E-5,6.144770800049163E-5,6.144770800049163E-5,6.144770800049163E-5,6.144770800049163E-5,6.144770800049163E-5,6.144770800049163E-5,6.144770800049163E-5,6.144770800049163E-5,6.144770800049163E-5,6.144770800049163E-5,6.144770800049163E-5,6.144770800049163E-5,6.144770800049163E-5,6.144770800049163E-5,6.144770800049163E-5,6.144770800049163E-5,6.144770800049163E-5,6.144770800049163E-5,6.144770800049163E-5,6.144770800049163E-5,0.4011920855352095,6.144770800049163E-5,6.144770800049163E-5,6.144770800049163E-5,6.144770800049163E-5,6.144770800049163E-5,6.144770800049163E-5,0.550632911392405,6.144770800049163E-5,6.144770800049163E-5,6.144770800049163E-5,6.144770800049163E-5,6.144770800049163E-5,6.144770800049163E-5,6.144770800049163E-5
336,PRD
282,CATNODE,7,1.3978194017332958E-4,1.3978194017332958E-4,1.3978194017332958E-4,1.3978194017332958E-4,1.3978194017332958E-4,1.3978194017332958E-4,1.3978194017332958E-4,1.3978194017332958E-4,1.3978194017332958E-4,1.3978194017332958E-4,1.3978194017332958E-4,0.12538440033547668,1.3978194017332958E-4,1.3978194017332958E-4,0.6084707855745038,1.3978194017332958E-4,1.3978194017332958E-4,1.3978194017332958E-4,1.3978194017332958E-4,1.3978194017332958E-4,1.3978194017332958E-4,1.3978194017332958E-4,1.3978194017332958E-4,1.3978194017332958E-4,1.3978194017332958E-4,1.3978194017332958E-4,1.3978194017332958E-4,1.3978194017332958E-4,1.3978194017332958E-4,1.3978194017332958E-4,1.3978194017332958E-4,1.3978194017332958E-4,1.3978194017332958E-4,0.25957506290187315,1.3978194017332958E-4,1.3978194017332958E-4,1.3978194017332958E-4,1.3978194017332958E-4,1.3978194017332958E-4,1.3978194017332958E-4,1.3978194017332958E-4,1.3978194017332958E-4,1.3978194017332958E-4,1.3978194017332958E-4,1.3978194017332958E-4,1.3978194017332958E-4,1.3978194017332958E-4,1.3978194017332958E-4,1.3978194017332958E-4,1.3978194017332958E-4
283,CATNODE,3,1.407063458561982E-4,0.9997185873082873,1.407063458561982E-4
230,CATNODE,5,0.9999671412924428,1.095290251916759E-5,1.095290251916759E-5,1.095290251916759E-5
231,CATNODE,1,0.9999671412924428,1.095290251916759E-5,1.095290251916759E-5,1.095290251916759E-5
358,PRD
146,CATNODE,1,0.27627558814543224,0.26161014359914453,0.22250229147571043,0.23961197677971285
232,CATNODE,7,7.611508601004724E-5,7.611508601004724E-5,7.611508601004724E-5,7.611508601004724E-5,7.611508601004724E-5,7.611508601004724E-5,7.611508601004724E-5,7.611508601004724E-5,7.611508601004724E-5,7.611508601004724E-5,7.611508601004724E-5,7.611508601004724E-5,7.611508601004724E-5,7.611508601004724E-5,7.611508601004724E-5,7.611508601004724E-5,7.611508601004724E-5,7.611508601004724E-5,7.611508601004724E-5,7.611508601004724E-5,7.611508601004724E-5,7.611508601004724E-5,7.611508601004724E-5,7.611508601004724E-5,7.611508601004724E-5,7.611508601004724E-5,7.611508601004724E-5,7.611508601004724E-5,7.611508601004724E-5,7.611508601004724E-5,7.611508601004724E-5,7.611508601004724E-5,7.611508601004724E-5,7.611508601004724E-5,7.611508601004724E-5,7.611508601004724E-5,7.611508601004724E-5,7.611508601004724E-5,7.611508601004724E-5,7.611508601004724E-5,7.611508601004724E-5,7.611508601004724E-5,7.611508601004724E-5,7.611508601004724E-5,7.611508601004724E-5,7.611508601004724E-5,7.611508601004724E-5,0.9962703607855077,7.611508601004724E-5,7.611508601004724E-5
284,CATNODE,3,7.638835841417768E-5,7.638835841417768E-5,0.9998472232831711
285,CATNODE,5,0.9997708524289642,7.638252367858239E-5,7.638252367858239E-5,7.638252367858239E-5
357,PRD
147,CATNODE,7,2.021835826930854E-4,2.021835826930854E-4,2.021835826930854E-4,2.021835826930854E-4,2.021835826930854E-4,2.021835826930854E-4,2.021835826930854E-4,2.021835826930854E-4,2.021835826930854E-4,2.021835826930854E-4,2.021835826930854E-4,2.021835826930854E-4,2.021835826930854E-4,2.021835826930854E-4,2.021835826930854E-4,2.021835826930854E-4,2.021835826930854E-4,2.021835826930854E-4,2.021835826930854E-4,2.021835826930854E-4,2.021835826930854E-4,2.021835826930854E-4,2.021835826930854E-4,2.021835826930854E-4,2.021835826930854E-4,2.021835826930854E-4,2.021835826930854E-4,2.021835826930854E-4,2.021835826930854E-4,2.021835826930854E-4,2.021835826930854E-4,2.021835826930854E-4,2.021835826930854E-4,2.021835826930854E-4,2.021835826930854E-4,2.021835826930854E-4,2.021835826930854E-4,2.021835826930854E-4,2.021835826930854E-4,2.021835826930854E-4,2.021835826930854E-4,2.021835826930854E-4,2.021835826930854E-4,0.9900930044480388,2.021835826930854E-4,2.021835826930854E-4,2.021835826930854E-4,2.021835826930854E-4,2.021835826930854E-4,2.021835826930854E-4
233,CATNODE,3,2.0412329046744226E-4,2.0412329046744226E-4,0.9995917534190654
286,CATNODE,5,2.0408163265306107E-4,2.0408163265306107E-4,0.9993877551020407,2.0408163265306107E-4
287,CATNODE,1,0.9993877551020407,2.0408163265306107E-4,2.0408163265306107E-4,2.0408163265306107E-4
89,CATNODE,4,0.11072736853466054,0.10991473719629485,0.11011789503088627,0.11255578904598344,0.1111336842038434,0.10158526597804614,0.11621263006862918,0.12291683861014642,0.10483579133150904
90,CATNODE,2,0.9999809533484025,6.34888386621632E-6,6.34888386621632E-6,6.34888386621632E-6
435,PRD
422,SUM
404,PRD
39,CATNODE,2,0.28709334144116744,0.23601398601398588,0.2311492854971115,0.24574338704773485
91,CATNODE,7,7.574609907589764E-5,7.574609907589764E-5,7.574609907589764E-5,7.574609907589764E-5,7.574609907589764E-5,7.574609907589764E-5,7.574609907589764E-5,7.574609907589764E-5,7.574609907589764E-5,7.574609907589764E-5,7.574609907589764E-5,7.574609907589764E-5,7.574609907589764E-5,7.574609907589764E-5,7.574609907589764E-5,7.574609907589764E-5,0.021890622632934408,7.574609907589764E-5,7.574609907589764E-5,7.574609907589764E-5,7.574609907589764E-5,7.574609907589764E-5,7.574609907589764E-5,7.574609907589764E-5,0.9744735646114226,7.574609907589764E-5,7.574609907589764E-5,7.574609907589764E-5,7.574609907589764E-5,7.574609907589764E-5,7.574609907589764E-5,7.574609907589764E-5,7.574609907589764E-5,7.574609907589764E-5,7.574609907589764E-5,7.574609907589764E-5,7.574609907589764E-5,7.574609907589764E-5,7.574609907589764E-5,7.574609907589764E-5,7.574609907589764E-5,7.574609907589764E-5,7.574609907589764E-5,7.574609907589764E-5,7.574609907589764E-5,7.574609907589764E-5,7.574609907589764E-5,7.574609907589764E-5,7.574609907589764E-5,7.574609907589764E-5
148,CATNODE,3,7.601672367920947E-5,0.9998479665526417,7.601672367920947E-5
234,CATNODE,0,0.075450193754274,0.11921586505584689,0.08274447230453616,0.0900387508547983,0.1070587341387433,0.08760732467137758,0.11678443887242614,0.15325583162373688,0.16784438872426116
288,CATNODE,4,0.10949016032216403,0.08031304612111545,0.1070587341387433,0.11435301268900541,0.11435301268900541,0.10949016032216403,0.12651014360610904,0.11192158650558473,0.12651014360610904
289,CATNODE,6,0.5303686811098441,0.002508551881413911,0.467122767008742
403,PRD
40,CATNODE,6,5.6398398285488674E-5,5.6398398285488674E-5,0.9998872032034294
92,CATNODE,7,5.6249296883788986E-5,5.6249296883788986E-5,5.6249296883788986E-5,5.6249296883788986E-5,5.6249296883788986E-5,5.6249296883788986E-5,5.6249296883788986E-5,5.6249296883788986E-5,5.6249296883788986E-5,5.6249296883788986E-5,5.6249296883788986E-5,5.6249296883788986E-5,5.6249296883788986E-5,0.9972437844526947,5.6249296883788986E-5,5.6249296883788986E-5,5.6249296883788986E-5,5.6249296883788986E-5,5.6249296883788986E-5,5.6249296883788986E-5,5.6249296883788986E-5,5.6249296883788986E-5,5.6249296883788986E-5,5.6249296883788986E-5,5.6249296883788986E-5,5.6249296883788986E-5,5.6249296883788986E-5,5.6249296883788986E-5,5.6249296883788986E-5,5.6249296883788986E-5,5.6249296883788986E-5,5.6249296883788986E-5,5.6249296883788986E-5,5.6249296883788986E-5,5.6249296883788986E-5,5.6249296883788986E-5,5.6249296883788986E-5,5.6249296883788986E-5,5.6249296883788986E-5,5.6249296883788986E-5,5.6249296883788986E-5,5.6249296883788986E-5,5.6249296883788986E-5,5.6249296883788986E-5,5.6249296883788986E-5,5.6249296883788986E-5,5.6249296883788986E-5,5.6249296883788986E-5,5.6249296883788986E-5,5.6249296883788986E-5
149,CATNODE,2,0.2707534401082788,0.25451161741484307,0.22022332506203462,0.25451161741484307
235,CATNODE,4,5.63793200654E-5,5.63793200654E-5,5.63793200654E-5,5.63793200654E-5,5.63793200654E-5,0.9995489654394772,5.63793200654E-5,5.63793200654E-5,5.63793200654E-5
290,CATNODE,3,0.9998872032034294,5.6398398285488674E-5,5.6398398285488674E-5
291,CATNODE,0,5.63793200654E-5,5.63793200654E-5,5.63793200654E-5,0.9995489654394772,5.63793200654E-5,5.63793200654E-5,5.63793200654E-5,5.63793200654E-5,5.63793200654E-5
402,PRD
41,CATNODE,6,5.95131821698506E-5,0.9998809736356602,5.95131821698506E-5
93,CATNODE,7,5.934718100890207E-5,5.934718100890207E-5,5.934718100890207E-5,5.934718100890207E-5,5.934718100890207E-5,5.934718100890207E-5,5.934718100890207E-5,5.934718100890207E-5,5.934718100890207E-5,5.934718100890207E-5,5.934718100890207E-5,5.934718100890207E-5,5.934718100890207E-5,5.934718100890207E-5,5.934718100890207E-5,5.934718100890207E-5,5.934718100890207E-5,5.934718100890207E-5,5.934718100890207E-5,5.934718100890207E-5,5.934718100890207E-5,5.934718100890207E-5,5.934718100890207E-5,5.934718100890207E-5,0.11020771513353118,5.934718100890207E-5,5.934718100890207E-5,5.934718100890207E-5,5.934718100890207E-5,5.934718100890207E-5,5.934718100890207E-5,5.934718100890207E-5,5.934718100890207E-5,5.934718100890207E-5,5.934718100890207E-5,5.934718100890207E-5,5.934718100890207E-5,5.934718100890207E-5,5.934718100890207E-5,5.934718100890207E-5,5.934718100890207E-5,5.934718100890207E-5,5.934718100890207E-5,5.934718100890207E-5,5.934718100890207E-5,5.934718100890207E-5,5.934718100890207E-5,5.934718100890207E-5,5.934718100890207E-5,0.8869436201780418
150,CATNODE,0,0.0857278838717354,0.15045511333214348,0.11047653043012672,0.0914391100005949,0.0762091736569695,0.1752037598905349,5.94919388422869E-5,0.1999524064489262,0.11047653043012672
236,CATNODE,3,5.95131821698506E-5,0.9998809736356602,5.95131821698506E-5
292,CATNODE,2,0.35045227326826967,0.3580695072601761,0.15240418947869558,0.13907402999285887
293,CATNODE,4,0.1085727883871735,0.1085727883871735,0.11047653043012672,0.09524659408650127,0.15807008150395618,0.11238027247307991,0.0914391100005949,0.123802724730799,0.0914391100005949
401,PRD
42,CATNODE,0,0.11999615550963523,0.10308039790475271,0.10308039790475271,0.1092315824883464,0.1092315824883464,0.11692056321783843,0.11230717478014318,0.11230717478014318,0.11384497092604157
94,CATNODE,6,4.80699899053021E-5,0.9999038600201893,4.80699899053021E-5
151,CATNODE,3,0.9999038600201893,4.80699899053021E-5,4.80699899053021E-5
237,CATNODE,2,0.2369255912324552,0.2369255912324552,0.25999807729282837,0.26615074024226115
294,CATNODE,4,0.10461819405065119,0.13383632082272093,0.09385362102936232,0.10154260175885435,0.12922293238502572,0.08924023259166705,0.13076072853092416,0.11076937863424476,0.10615599019654957
295,CATNODE,7,4.796163069544367E-5,4.796163069544367E-5,0.030743405275779373,4.796163069544367E-5,4.796163069544367E-5,4.796163069544367E-5,4.796163069544367E-5,4.796163069544367E-5,4.796163069544367E-5,4.796163069544367E-5,4.796163069544367E-5,4.796163069544367E-5,4.796163069544367E-5,4.796163069544367E-5,4.796163069544367E-5,4.796163069544367E-5,4.796163069544367E-5,0.8487769784172663,4.796163069544367E-5,0.11822541966426862,4.796163069544367E-5,4.796163069544367E-5,4.796163069544367E-5,4.796163069544367E-5,4.796163069544367E-5,4.796163069544367E-5,4.796163069544367E-5,4.796163069544367E-5,4.796163069544367E-5,4.796163069544367E-5,4.796163069544367E-5,4.796163069544367E-5,4.796163069544367E-5,4.796163069544367E-5,4.796163069544367E-5,4.796163069544367E-5,4.796163069544367E-5,4.796163069544367E-5,4.796163069544367E-5,4.796163069544367E-5,4.796163069544367E-5,4.796163069544367E-5,4.796163069544367E-5,4.796163069544367E-5,4.796163069544367E-5,4.796163069544367E-5,4.796163069544367E-5,4.796163069544367E-5,4.796163069544367E-5,4.796163069544367E-5
400,PRD
43,CATNODE,2,0.23269297334717892,0.27146071304949804,0.2520768431983385,0.24376947040498434
95,CATNODE,0,0.10526771040567426,0.1301790502551682,0.09419600380589914,0.13294697690511198,0.12464319695528071,0.09696393045584292,0.10249978375573048,0.09696393045584292,0.11633941700544936
152,CATNODE,4,0.1938413632038751,8.649770781074305E-5,0.07205259060634893,0.20491306980365012,8.649770781074305E-5,0.07205259060634893,8.649770781074305E-5,0.21875270305336905,0.23812818960297555
238,CATNODE,3,0.9998269147555168,8.654262224145397E-5,8.654262224145397E-5
335,SUM
330,PRD
316,CATNODE,6,0.11505388048329161,0.5156198976815063,0.369326221835202
317,CATNODE,7,1.0829542993285678E-4,1.0829542993285678E-4,1.0829542993285678E-4,1.0829542993285678E-4,1.0829542993285678E-4,1.0829542993285678E-4,1.0829542993285678E-4,1.0829542993285678E-4,1.0829542993285678E-4,1.0829542993285678E-4,1.0829542993285678E-4,1.0829542993285678E-4,1.0829542993285678E-4,1.0829542993285678E-4,1.0829542993285678E-4,1.0829542993285678E-4,1.0829542993285678E-4,1.0829542993285678E-4,1.0829542993285678E-4,0.99469352393329,1.0829542993285678E-4,1.0829542993285678E-4,1.0829542993285678E-4,1.0829542993285678E-4,1.0829542993285678E-4,1.0829542993285678E-4,1.0829542993285678E-4,1.0829542993285678E-4,1.0829542993285678E-4,1.0829542993285678E-4,1.0829542993285678E-4,1.0829542993285678E-4,1.0829542993285678E-4,1.0829542993285678E-4,1.0829542993285678E-4,1.0829542993285678E-4,1.0829542993285678E-4,1.0829542993285678E-4,1.0829542993285678E-4,1.0829542993285678E-4,1.0829542993285678E-4,1.0829542993285678E-4,1.0829542993285678E-4,1.0829542993285678E-4,1.0829542993285678E-4,1.0829542993285678E-4,1.0829542993285678E-4,1.0829542993285678E-4,1.0829542993285678E-4,1.0829542993285678E-4
329,PRD
318,CATNODE,7,4.1356492969396195E-4,4.1356492969396195E-4,4.1356492969396195E-4,4.1356492969396195E-4,4.1356492969396195E-4,4.1356492969396195E-4,4.1356492969396195E-4,4.1356492969396195E-4,4.1356492969396195E-4,4.1356492969396195E-4,4.1356492969396195E-4,4.1356492969396195E-4,4.1356492969396195E-4,4.1356492969396195E-4,4.1356492969396195E-4,4.1356492969396195E-4,4.1356492969396195E-4,4.1356492969396195E-4,4.1356492969396195E-4,4.1356492969396195E-4,4.1356492969396195E-4,4.1356492969396195E-4,4.1356492969396195E-4,4.1356492969396195E-4,4.1356492969396195E-4,4.1356492969396195E-4,4.1356492969396195E-4,4.1356492969396195E-4,4.1356492969396195E-4,4.1356492969396195E-4,4.1356492969396195E-4,4.1356492969396195E-4,4.1356492969396195E-4,4.1356492969396195E-4,4.1356492969396195E-4,4.1356492969396195E-4,4.1356492969396195E-4,4.1356492969396195E-4,4.1356492969396195E-4,4.1356492969396195E-4,4.1356492969396195E-4,0.9797353184449951,4.1356492969396195E-4,4.1356492969396195E-4,4.1356492969396195E-4,4.1356492969396195E-4,4.1356492969396195E-4,4.1356492969396195E-4,4.1356492969396195E-4,4.1356492969396195E-4
319,CATNODE,6,4.2176296921130307E-4,4.2176296921130307E-4,0.999156474061577
399,PRD
44,CATNODE,0,0.13807964144113086,0.05533528701947941,0.11601448026202382,0.08843302878813998,0.14359593173590762,0.09946560937769351,0.12704706085157733,0.13807964144113086,0.09394931908291675
96,CATNODE,7,1.7117425539198904E-4,1.7117425539198904E-4,1.7117425539198904E-4,1.7117425539198904E-4,1.7117425539198904E-4,1.7117425539198904E-4,1.7117425539198904E-4,1.7117425539198904E-4,1.7117425539198904E-4,1.7117425539198904E-4,1.7117425539198904E-4,1.7117425539198904E-4,1.7117425539198904E-4,1.7117425539198904E-4,1.7117425539198904E-4,1.7117425539198904E-4,1.7117425539198904E-4,1.7117425539198904E-4,1.7117425539198904E-4,0.9916124614857921,1.7117425539198904E-4,1.7117425539198904E-4,1.7117425539198904E-4,1.7117425539198904E-4,1.7117425539198904E-4,1.7117425539198904E-4,1.7117425539198904E-4,1.7117425539198904E-4,1.7117425539198904E-4,1.7117425539198904E-4,1.7117425539198904E-4,1.7117425539198904E-4,1.7117425539198904E-4,1.7117425539198904E-4,1.7117425539198904E-4,1.7117425539198904E-4,1.7117425539198904E-4,1.7117425539198904E-4,1.7117425539198904E-4,1.7117425539198904E-4,1.7117425539198904E-4,1.7117425539198904E-4,1.7117425539198904E-4,1.7117425539198904E-4,1.7117425539198904E-4,1.7117425539198904E-4,1.7117425539198904E-4,1.7117425539198904E-4,1.7117425539198904E-4,1.7117425539198904E-4
153,CATNODE,2,0.3369565217391307,1.7253278122843354E-4,0.3369565217391307,0.32591442374051083
239,CATNODE,3,0.9996548748921488,1.725625539257981E-4,1.725625539257981E-4
296,CATNODE,4,0.09394931908291675,0.11601448026202382,0.14911222203068442,0.09394931908291675,0.17117738320979142,0.12153077055680056,0.12153077055680056,0.1325633511463541,1.7238407171177395E-4
297,CATNODE,6,0.9996548748921488,1.725625539257981E-4,1.725625539257981E-4
398,PRD
45,CATNODE,2,9.823182711198436E-5,0.06611001964636545,0.47789783889980353,0.45589390962671905
97,CATNODE,0,0.14776632302405493,9.818360333824245E-5,0.1540500736377025,0.14148257241040746,0.1540500736377025,9.818360333824245E-5,0.2545900834560627,9.818360333824245E-5,0.14776632302405493
154,CATNODE,7,9.77899471934285E-5,9.77899471934285E-5,0.009485624877762564,9.77899471934285E-5,9.77899471934285E-5,9.77899471934285E-5,9.77899471934285E-5,9.77899471934285E-5,9.77899471934285E-5,9.77899471934285E-5,9.77899471934285E-5,9.77899471934285E-5,9.77899471934285E-5,9.77899471934285E-5,9.77899471934285E-5,9.77899471934285E-5,9.77899471934285E-5,9.77899471934285E-5,9.77899471934285E-5,9.77899471934285E-5,9.77899471934285E-5,9.77899471934285E-5,9.77899471934285E-5,9.77899471934285E-5,0.1722080970076277,9.77899471934285E-5,9.77899471934285E-5,9.77899471934285E-5,9.77899471934285E-5,9.77899471934285E-5,9.77899471934285E-5,9.77899471934285E-5,9.77899471934285E-5,9.77899471934285E-5,9.77899471934285E-5,9.77899471934285E-5,9.77899471934285E-5,9.77899471934285E-5,9.77899471934285E-5,9.77899471934285E-5,9.77899471934285E-5,9.77899471934285E-5,9.77899471934285E-5,9.77899471934285E-5,9.77899471934285E-5,9.77899471934285E-5,9.77899471934285E-5,9.77899471934285E-5,9.77899471934285E-5,0.8137101505965187
240,CATNODE,6,9.824147755182236E-5,0.9998035170448965,9.824147755182236E-5
298,CATNODE,3,9.824147755182236E-5,0.9998035170448965,9.824147755182236E-5
299,CATNODE,4,0.1446244477172312,0.1571919489445262,0.09749631811487479,0.13205694648993618,0.015807560137457037,0.09435444280805105,0.13519882179675993,0.11320569464899359,0.11006381934216984
397,PRD
372,SUM
356,PRD
155,CATNODE,7,1.3437248051599029E-4,1.3437248051599029E-4,1.3437248051599029E-4,1.3437248051599029E-4,1.3437248051599029E-4,1.3437248051599029E-4,1.3437248051599029E-4,1.3437248051599029E-4,1.3437248051599029E-4,1.3437248051599029E-4,1.3437248051599029E-4,1.3437248051599029E-4,1.3437248051599029E-4,1.3437248051599029E-4,1.3437248051599029E-4,1.3437248051599029E-4,0.9934157484547165,1.3437248051599029E-4,1.3437248051599029E-4,1.3437248051599029E-4,1.3437248051599029E-4,1.3437248051599029E-4,1.3437248051599029E-4,1.3437248051599029E-4,1.3437248051599029E-4,1.3437248051599029E-4,1.3437248051599029E-4,1.3437248051599029E-4,1.3437248051599029E-4,1.3437248051599029E-4,1.3437248051599029E-4,1.3437248051599029E-4,1.3437248051599029E-4,1.3437248051599029E-4,1.3437248051599029E-4,1.3437248051599029E-4,1.3437248051599029E-4,1.3437248051599029E-4,1.3437248051599029E-4,1.3437248051599029E-4,1.3437248051599029E-4,1.3437248051599029E-4,1.3437248051599029E-4,1.3437248051599029E-4,1.3437248051599029E-4,1.3437248051599029E-4,1.3437248051599029E-4,1.3437248051599029E-4,1.3437248051599029E-4,1.3437248051599029E-4
156,CATNODE,6,0.2857336037863422,0.29006085192697767,0.4242055442866803
355,PRD
157,CATNODE,7,0.0013850415512465378,0.0013850415512465378,0.0013850415512465378,0.0013850415512465378,0.0013850415512465378,0.0013850415512465378,0.0013850415512465378,0.0013850415512465378,0.0013850415512465378,0.0013850415512465378,0.0013850415512465378,0.0013850415512465378,0.0013850415512465378,0.0013850415512465378,0.0013850415512465378,0.0013850415512465378,0.0013850415512465378,0.0013850415512465378,0.0013850415512465378,0.0013850415512465378,0.0013850415512465378,0.0013850415512465378,0.0013850415512465378,0.0013850415512465378,0.0013850415512465378,0.0013850415512465378,0.0013850415512465378,0.0013850415512465378,0.0013850415512465378,0.0013850415512465378,0.0013850415512465378,0.0013850415512465378,0.0013850415512465378,0.0013850415512465378,0.0013850415512465378,0.0013850415512465378,0.0013850415512465378,0.0013850415512465378,0.0013850415512465378,0.0013850415512465378,0.0013850415512465378,0.0013850415512465378,0.0013850415512465378,0.0013850415512465378,0.0013850415512465378,0.0013850415512465378,0.0013850415512465378,0.0013850415512465378,0.0013850415512465378,0.9321329639889195
158,CATNODE,6,0.001481481481481481,0.9970370370370372,0.001481481481481481
98,CATNODE,3,1.2396181975951406E-4,0.9997520763604814,1.2396181975951406E-4
159,CATNODE,4,0.11507494116189769,0.10714728106032453,0.11903877121268426,0.11507494116189769,0.11111111111111109,0.11507494116189769,0.11507494116189769,0.11507494116189769,0.08732813080639167
241,CATNODE,2,0.9996281606346055,1.2394645513138315E-4,1.2394645513138315E-4,1.2394645513138315E-4
242,CATNODE,0,0.10318345100953795,0.13885792146661713,0.1230026012634708,0.08732813080639167,0.09525579090796481,0.08336430075560511,0.21020686238077538,0.10714728106032453,0.05165366034931252
396,PRD
46,CATNODE,4,1.3005592404734034E-4,0.2123813239693069,0.19989595526076218,1.3005592404734034E-4,0.17908700741318775,0.23735206138639617,0.1707634282741579,1.3005592404734034E-4,1.3005592404734034E-4
99,CATNODE,3,0.9997396850188727,1.3015749056358196E-4,1.3015749056358196E-4
344,SUM
334,PRD
300,CATNODE,7,3.831417624521071E-4,3.831417624521071E-4,3.831417624521071E-4,3.831417624521071E-4,3.831417624521071E-4,3.831417624521071E-4,3.831417624521071E-4,3.831417624521071E-4,3.831417624521071E-4,3.831417624521071E-4,3.831417624521071E-4,3.831417624521071E-4,3.831417624521071E-4,3.831417624521071E-4,3.831417624521071E-4,3.831417624521071E-4,3.831417624521071E-4,3.831417624521071E-4,3.831417624521071E-4,3.831417624521071E-4,3.831417624521071E-4,3.831417624521071E-4,3.831417624521071E-4,3.831417624521071E-4,3.831417624521071E-4,3.831417624521071E-4,3.831417624521071E-4,3.831417624521071E-4,3.831417624521071E-4,3.831417624521071E-4,3.831417624521071E-4,3.831417624521071E-4,3.831417624521071E-4,3.831417624521071E-4,3.831417624521071E-4,3.831417624521071E-4,3.831417624521071E-4,3.831417624521071E-4,3.831417624521071E-4,3.831417624521071E-4,3.831417624521071E-4,0.9812260536398467,3.831417624521071E-4,3.831417624521071E-4,3.831417624521071E-4,3.831417624521071E-4,3.831417624521071E-4,3.831417624521071E-4,3.831417624521071E-4,3.831417624521071E-4
320,CATNODE,6,3.901677721420208E-4,3.901677721420208E-4,0.9992196644557158
321,CATNODE,2,0.18759750390015606,0.2999219968798753,0.25000000000000006,0.2624804992199689
333,PRD
301,CATNODE,7,1.934235976789168E-4,1.934235976789168E-4,1.934235976789168E-4,1.934235976789168E-4,1.934235976789168E-4,1.934235976789168E-4,1.934235976789168E-4,1.934235976789168E-4,1.934235976789168E-4,1.934235976789168E-4,1.934235976789168E-4,1.934235976789168E-4,1.934235976789168E-4,1.934235976789168E-4,1.934235976789168E-4,1.934235976789168E-4,1.934235976789168E-4,1.934235976789168E-4,1.934235976789168E-4,0.9905222437137334,1.934235976789168E-4,1.934235976789168E-4,1.934235976789168E-4,1.934235976789168E-4,1.934235976789168E-4,1.934235976789168E-4,1.934235976789168E-4,1.934235976789168E-4,1.934235976789168E-4,1.934235976789168E-4,1.934235976789168E-4,1.934235976789168E-4,1.934235976789168E-4,1.934235976789168E-4,1.934235976789168E-4,1.934235976789168E-4,1.934235976789168E-4,1.934235976789168E-4,1.934235976789168E-4,1.934235976789168E-4,1.934235976789168E-4,1.934235976789168E-4,1.934235976789168E-4,1.934235976789168E-4,1.934235976789168E-4,1.934235976789168E-4,1.934235976789168E-4,1.934235976789168E-4,1.934235976789168E-4,1.934235976789168E-4
328,SUM
327,PRD
322,CATNODE,2,0.29207573632538575,3.5063113604488105E-4,0.4042776998597476,0.303295932678822
323,CATNODE,6,3.507541213609257E-4,3.507541213609257E-4,0.999298491757278
326,PRD
324,CATNODE,6,0.5349450549450547,4.3956043956043956E-4,0.4646153846153845
325,CATNODE,2,4.393673110720566E-4,0.9986818980667843,4.393673110720566E-4,4.393673110720566E-4
160,CATNODE,0,0.10833658473143455,0.11249837430094946,0.10001300559240477,0.10833658473143455,0.13746911171803883,0.11666016387046434,0.06671868903628562,0.11666016387046434,0.13330732214852392
395,PRD
47,CATNODE,2,0.38333333333333325,0.3286324786324786,4.273504273504275E-4,0.2876068376068376
100,CATNODE,3,0.02778965369816162,0.971782813168021,4.2753313381787124E-4
161,CATNODE,7,4.191114836546518E-4,4.191114836546518E-4,0.18818105616093872,4.191114836546518E-4,4.191114836546518E-4,4.191114836546518E-4,4.191114836546518E-4,4.191114836546518E-4,4.191114836546518E-4,4.191114836546518E-4,4.191114836546518E-4,4.191114836546518E-4,4.191114836546518E-4,4.191114836546518E-4,4.191114836546518E-4,4.191114836546518E-4,4.191114836546518E-4,4.191114836546518E-4,4.191114836546518E-4,4.191114836546518E-4,4.191114836546518E-4,4.191114836546518E-4,4.191114836546518E-4,4.191114836546518E-4,0.7917015926236377,4.191114836546518E-4,4.191114836546518E-4,4.191114836546518E-4,4.191114836546518E-4,4.191114836546518E-4,4.191114836546518E-4,4.191114836546518E-4,4.191114836546518E-4,4.191114836546518E-4,4.191114836546518E-4,4.191114836546518E-4,4.191114836546518E-4,4.191114836546518E-4,4.191114836546518E-4,4.191114836546518E-4,4.191114836546518E-4,4.191114836546518E-4,4.191114836546518E-4,4.191114836546518E-4,4.191114836546518E-4,4.191114836546518E-4,4.191114836546518E-4,4.191114836546518E-4,4.191114836546518E-4,4.191114836546518E-4
243,CATNODE,0,0.16417910447761186,0.12324093816631128,0.0686567164179104,0.08230277185501063,0.12324093816631128,0.1505330490405117,0.10959488272921103,0.08230277185501063,0.09594882729211084
302,CATNODE,6,4.2753313381787124E-4,0.9991449337323645,4.2753313381787124E-4
303,CATNODE,4,4.264392324093817E-4,4.264392324093817E-4,0.2733475479744135,0.12324093816631128,0.2733475479744135,4.264392324093817E-4,0.28699360341151375,4.264392324093817E-4,0.041364605543710006
10,CATNODE,1,0.9999737035868299,8.765471056414568E-6,8.765471056414568E-6,8.765471056414568E-6
11,CATNODE,5,8.765471056414568E-6,8.765471056414568E-6,0.9999737035868299,8.765471056414568E-6
434,PRD
421,SUM
394,PRD
48,CATNODE,3,3.547357218871941E-4,3.547357218871941E-4,0.9992905285562251
101,CATNODE,7,3.4891835310537326E-4,3.4891835310537326E-4,0.9829030006978368,3.4891835310537326E-4,3.4891835310537326E-4,3.4891835310537326E-4,3.4891835310537326E-4,3.4891835310537326E-4,3.4891835310537326E-4,3.4891835310537326E-4,3.4891835310537326E-4,3.4891835310537326E-4,3.4891835310537326E-4,3.4891835310537326E-4,3.4891835310537326E-4,3.4891835310537326E-4,3.4891835310537326E-4,3.4891835310537326E-4,3.4891835310537326E-4,3.4891835310537326E-4,3.4891835310537326E-4,3.4891835310537326E-4,3.4891835310537326E-4,3.4891835310537326E-4,3.4891835310537326E-4,3.4891835310537326E-4,3.4891835310537326E-4,3.4891835310537326E-4,3.4891835310537326E-4,3.4891835310537326E-4,3.4891835310537326E-4,3.4891835310537326E-4,3.4891835310537326E-4,3.4891835310537326E-4,3.4891835310537326E-4,3.4891835310537326E-4,3.4891835310537326E-4,3.4891835310537326E-4,3.4891835310537326E-4,3.4891835310537326E-4,3.4891835310537326E-4,3.4891835310537326E-4,3.4891835310537326E-4,3.4891835310537326E-4,3.4891835310537326E-4,3.4891835310537326E-4,3.4891835310537326E-4,3.4891835310537326E-4,3.4891835310537326E-4,3.4891835310537326E-4
102,CATNODE,1,0.2726950354609929,0.34078014184397165,0.20460992907801415,0.18191489361702123
393,PRD
49,CATNODE,3,3.886362753099372E-5,3.886362753099372E-5,0.9999222727449376
103,CATNODE,1,3.886211720814553E-5,3.886211720814553E-5,0.9998834136483756,3.886211720814553E-5
104,CATNODE,7,3.8792769027853195E-5,3.8792769027853195E-5,3.8792769027853195E-5,3.8792769027853195E-5,3.8792769027853195E-5,3.8792769027853195E-5,3.8792769027853195E-5,3.8792769027853195E-5,3.8792769027853195E-5,3.8792769027853195E-5,3.8792769027853195E-5,3.8792769027853195E-5,3.8792769027853195E-5,3.8792769027853195E-5,3.8792769027853195E-5,3.8792769027853195E-5,3.8792769027853195E-5,3.8792769027853195E-5,3.8792769027853195E-5,3.8792769027853195E-5,3.8792769027853195E-5,3.8792769027853195E-5,3.8792769027853195E-5,0.9980991543176351,3.8792769027853195E-5,3.8792769027853195E-5,3.8792769027853195E-5,3.8792769027853195E-5,3.8792769027853195E-5,3.8792769027853195E-5,3.8792769027853195E-5,3.8792769027853195E-5,3.8792769027853195E-5,3.8792769027853195E-5,3.8792769027853195E-5,3.8792769027853195E-5,3.8792769027853195E-5,3.8792769027853195E-5,3.8792769027853195E-5,3.8792769027853195E-5,3.8792769027853195E-5,3.8792769027853195E-5,3.8792769027853195E-5,3.8792769027853195E-5,3.8792769027853195E-5,3.8792769027853195E-5,3.8792769027853195E-5,3.8792769027853195E-5,3.8792769027853195E-5,3.8792769027853195E-5
392,PRD
50,CATNODE,7,4.5578851412944404E-4,4.5578851412944404E-4,0.9776663628076566,4.5578851412944404E-4,4.5578851412944404E-4,4.5578851412944404E-4,4.5578851412944404E-4,4.5578851412944404E-4,4.5578851412944404E-4,4.5578851412944404E-4,4.5578851412944404E-4,4.5578851412944404E-4,4.5578851412944404E-4,4.5578851412944404E-4,4.5578851412944404E-4,4.5578851412944404E-4,4.5578851412944404E-4,4.5578851412944404E-4,4.5578851412944404E-4,4.5578851412944404E-4,4.5578851412944404E-4,4.5578851412944404E-4,4.5578851412944404E-4,4.5578851412944404E-4,4.5578851412944404E-4,4.5578851412944404E-4,4.5578851412944404E-4,4.5578851412944404E-4,4.5578851412944404E-4,4.5578851412944404E-4,4.5578851412944404E-4,4.5578851412944404E-4,4.5578851412944404E-4,4.5578851412944404E-4,4.5578851412944404E-4,4.5578851412944404E-4,4.5578851412944404E-4,4.5578851412944404E-4,4.5578851412944404E-4,4.5578851412944404E-4,4.5578851412944404E-4,4.5578851412944404E-4,4.5578851412944404E-4,4.5578851412944404E-4,4.5578851412944404E-4,4.5578851412944404E-4,4.5578851412944404E-4,4.5578851412944404E-4,4.5578851412944404E-4,4.5578851412944404E-4
105,CATNODE,1,4.655493482309127E-4,0.29841713221601485,0.34310986964618245,0.3580074487895717
106,CATNODE,3,4.6576618537494174E-4,0.9990684676292502,4.6576618537494174E-4
12,CATNODE,2,0.2669425257396064,0.23462139971328036,0.2502606542421478,0.24817542030496537
51,CATNODE,6,3.258284187546835E-5,0.9999348343162487,3.258284187546835E-5
107,CATNODE,4,0.11470176238720393,0.11053197380851552,0.0990650552171222,0.11991399811056452,0.10740463237449911,0.12199889239990884,0.10844707951917122,0.12929602241261365,0.08864058377040106
162,CATNODE,5,3.2581780268473854E-5,3.2581780268473854E-5,0.9999022546591945,3.2581780268473854E-5
163,CATNODE,0,0.13450825813597422,0.10531973808515493,0.09072547805974525,0.10323484379581069,0.11574420953187603,0.11053197380851552,0.1126168680978597,0.12095644525523672,0.10636218522982699
433,PRD
420,SUM
391,PRD
52,CATNODE,7,5.564830272676686E-5,5.564830272676686E-5,5.564830272676686E-5,5.564830272676686E-5,5.564830272676686E-5,5.564830272676686E-5,5.564830272676686E-5,5.564830272676686E-5,5.564830272676686E-5,0.7479688369504728,5.564830272676686E-5,5.564830272676686E-5,5.564830272676686E-5,5.564830272676686E-5,0.2493600445186421,5.564830272676686E-5,5.564830272676686E-5,5.564830272676686E-5,5.564830272676686E-5,5.564830272676686E-5,5.564830272676686E-5,5.564830272676686E-5,5.564830272676686E-5,5.564830272676686E-5,5.564830272676686E-5,5.564830272676686E-5,5.564830272676686E-5,5.564830272676686E-5,5.564830272676686E-5,5.564830272676686E-5,5.564830272676686E-5,5.564830272676686E-5,5.564830272676686E-5,5.564830272676686E-5,5.564830272676686E-5,5.564830272676686E-5,5.564830272676686E-5,5.564830272676686E-5,5.564830272676686E-5,5.564830272676686E-5,5.564830272676686E-5,5.564830272676686E-5,5.564830272676686E-5,5.564830272676686E-5,5.564830272676686E-5,5.564830272676686E-5,5.564830272676686E-5,5.564830272676686E-5,5.564830272676686E-5,5.564830272676686E-5
53,CATNODE,3,5.5794230876527384E-5,0.9998884115382471,5.5794230876527384E-5
390,PRD
54,CATNODE,3,0.9999011222623232,4.943886883868096E-5,4.943886883868096E-5
55,CATNODE,7,4.932425766992206E-5,4.932425766992206E-5,4.932425766992206E-5,4.932425766992206E-5,4.932425766992206E-5,4.932425766992206E-5,4.932425766992206E-5,4.932425766992206E-5,4.932425766992206E-5,4.932425766992206E-5,4.932425766992206E-5,4.932425766992206E-5,4.932425766992206E-5,4.932425766992206E-5,4.932425766992206E-5,4.932425766992206E-5,4.932425766992206E-5,4.932425766992206E-5,4.932425766992206E-5,4.932425766992206E-5,4.932425766992206E-5,4.932425766992206E-5,4.932425766992206E-5,4.932425766992206E-5,4.932425766992206E-5,0.9975831113741744,4.932425766992206E-5,4.932425766992206E-5,4.932425766992206E-5,4.932425766992206E-5,4.932425766992206E-5,4.932425766992206E-5,4.932425766992206E-5,4.932425766992206E-5,4.932425766992206E-5,4.932425766992206E-5,4.932425766992206E-5,4.932425766992206E-5,4.932425766992206E-5,4.932425766992206E-5,4.932425766992206E-5,4.932425766992206E-5,4.932425766992206E-5,4.932425766992206E-5,4.932425766992206E-5,4.932425766992206E-5,4.932425766992206E-5,4.932425766992206E-5,4.932425766992206E-5,4.932425766992206E-5
13,CATNODE,0,0.11157707126569337,0.09899614709197178,0.100673603648468,0.09899614709197178,0.11577071265693395,0.10570597331795661,0.12499672371766307,0.11577071265693395,0.12751290855240735
56,CATNODE,4,0.11996435404817449,0.09983487537021994,0.09647996225722745,0.10738342987445289,0.1182868974916782,0.11073834298744527,0.12080308232642259,0.11241579954394149,0.11409325610043769
108,CATNODE,5,0.999921358917898,2.621369403376324E-5,2.621369403376324E-5,2.621369403376324E-5
164,CATNODE,2,0.999921358917898,2.621369403376324E-5,2.621369403376324E-5,2.621369403376324E-5
244,CATNODE,1,2.621369403376324E-5,0.999921358917898,2.621369403376324E-5,2.621369403376324E-5
245,CATNODE,6,2.6214381209531532E-5,2.6214381209531532E-5,0.9999475712375804
432,PRD
419,SUM
389,PRD
371,SUM
354,PRD
165,CATNODE,6,0.3218040679964625,0.329140873210835,0.34905505879270254
166,CATNODE,7,3.270325070311987E-5,3.270325070311987E-5,3.270325070311987E-5,3.270325070311987E-5,3.270325070311987E-5,3.270325070311987E-5,3.270325070311987E-5,3.270325070311987E-5,3.270325070311987E-5,3.270325070311987E-5,3.270325070311987E-5,3.270325070311987E-5,3.270325070311987E-5,3.270325070311987E-5,3.270325070311987E-5,3.270325070311987E-5,3.270325070311987E-5,3.270325070311987E-5,3.270325070311987E-5,3.270325070311987E-5,3.270325070311987E-5,3.270325070311987E-5,3.270325070311987E-5,3.270325070311987E-5,3.270325070311987E-5,3.270325070311987E-5,0.9983975407155468,3.270325070311987E-5,3.270325070311987E-5,3.270325070311987E-5,3.270325070311987E-5,3.270325070311987E-5,3.270325070311987E-5,3.270325070311987E-5,3.270325070311987E-5,3.270325070311987E-5,3.270325070311987E-5,3.270325070311987E-5,3.270325070311987E-5,3.270325070311987E-5,3.270325070311987E-5,3.270325070311987E-5,3.270325070311987E-5,3.270325070311987E-5,3.270325070311987E-5,3.270325070311987E-5,3.270325070311987E-5,3.270325070311987E-5,3.270325070311987E-5,3.270325070311987E-5
353,PRD
167,CATNODE,7,5.076142131979695E-4,5.076142131979695E-4,5.076142131979695E-4,5.076142131979695E-4,5.076142131979695E-4,5.076142131979695E-4,5.076142131979695E-4,5.076142131979695E-4,5.076142131979695E-4,5.076142131979695E-4,5.076142131979695E-4,5.076142131979695E-4,5.076142131979695E-4,5.076142131979695E-4,5.076142131979695E-4,5.076142131979695E-4,5.076142131979695E-4,5.076142131979695E-4,5.076142131979695E-4,5.076142131979695E-4,5.076142131979695E-4,5.076142131979695E-4,5.076142131979695E-4,5.076142131979695E-4,5.076142131979695E-4,5.076142131979695E-4,5.076142131979695E-4,5.076142131979695E-4,5.076142131979695E-4,5.076142131979695E-4,5.076142131979695E-4,5.076142131979695E-4,5.076142131979695E-4,0.9751269035532997,5.076142131979695E-4,5.076142131979695E-4,5.076142131979695E-4,5.076142131979695E-4,5.076142131979695E-4,5.076142131979695E-4,5.076142131979695E-4,5.076142131979695E-4,5.076142131979695E-4,5.076142131979695E-4,5.076142131979695E-4,5.076142131979695E-4,5.076142131979695E-4,5.076142131979695E-4,5.076142131979695E-4,5.076142131979695E-4
168,CATNODE,6,5.200208008320332E-4,5.200208008320332E-4,0.9989599583983361
109,CATNODE,4,0.12622854854114682,0.10256647256369966,0.10848199155806143,0.10552423206088057,0.12327078904396588,0.1005946328989124,0.11439751055242327,0.1114397510552423,0.10749607172566783
169,CATNODE,3,3.0815691350035457E-5,3.0815691350035457E-5,0.9999383686172999
246,CATNODE,2,0.9999075557746827,3.081474177246397E-5,3.081474177246397E-5,3.081474177246397E-5
247,CATNODE,0,0.11932710971439137,0.10355239239609333,0.11439751055242327,0.10946791139045504,0.11834118988199774,0.12228486921157229,0.11439751055242327,0.09270727423976342,0.10552423206088057
388,PRD
57,CATNODE,4,1.0104071940992221E-4,1.0104071940992221E-4,1.0104071940992221E-4,1.0104071940992221E-4,1.0104071940992221E-4,0.9991916742447206,1.0104071940992221E-4,1.0104071940992221E-4,1.0104071940992221E-4
110,CATNODE,2,0.2362515163768701,0.23301657905378073,0.2362515163768701,0.29448038819247874
170,CATNODE,6,0.9997977959761403,1.0110201193003737E-4,1.0110201193003737E-4
248,CATNODE,7,1.0062386798148518E-4,1.0062386798148518E-4,1.0062386798148518E-4,1.0062386798148518E-4,1.0062386798148518E-4,1.0062386798148518E-4,1.0062386798148518E-4,1.0062386798148518E-4,1.0062386798148518E-4,1.0062386798148518E-4,1.0062386798148518E-4,1.0062386798148518E-4,1.0062386798148518E-4,1.0062386798148518E-4,1.0062386798148518E-4,1.0062386798148518E-4,1.0062386798148518E-4,1.0062386798148518E-4,1.0062386798148518E-4,1.0062386798148518E-4,1.0062386798148518E-4,1.0062386798148518E-4,1.0062386798148518E-4,1.0062386798148518E-4,1.0062386798148518E-4,1.0062386798148518E-4,1.0062386798148518E-4,1.0062386798148518E-4,1.0062386798148518E-4,0.9950694304689076,1.0062386798148518E-4,1.0062386798148518E-4,1.0062386798148518E-4,1.0062386798148518E-4,1.0062386798148518E-4,1.0062386798148518E-4,1.0062386798148518E-4,1.0062386798148518E-4,1.0062386798148518E-4,1.0062386798148518E-4,1.0062386798148518E-4,1.0062386798148518E-4,1.0062386798148518E-4,1.0062386798148518E-4,1.0062386798148518E-4,1.0062386798148518E-4,1.0062386798148518E-4,1.0062386798148518E-4,1.0062386798148518E-4,1.0062386798148518E-4
304,CATNODE,0,0.0938668283318177,0.14559967666969786,0.0971001313529352,0.11649994947964025,0.0938668283318177,0.12296655552187528,0.11326664645852275,0.10033343437405269,0.11649994947964025
305,CATNODE,3,1.0110201193003737E-4,0.9997977959761403,1.0110201193003737E-4
387,PRD
58,CATNODE,3,0.9994707594601744,2.646202699126754E-4,2.646202699126754E-4
111,CATNODE,2,0.305026455026455,0.20343915343915342,0.26269841269841265,0.22883597883597884
171,CATNODE,6,2.646202699126754E-4,2.646202699126754E-4,0.9994707594601744
249,CATNODE,4,0.017173051519154554,0.14398943196829586,0.12708058124174368,0.14398943196829586,0.12708058124174368,0.11017173051519152,0.1693527080581241,2.6420079260237764E-4,0.16089828269484807
306,CATNODE,7,2.613695765812857E-4,2.613695765812857E-4,2.613695765812857E-4,0.9871928907475165,2.613695765812857E-4,2.613695765812857E-4,2.613695765812857E-4,2.613695765812857E-4,2.613695765812857E-4,2.613695765812857E-4,2.613695765812857E-4,2.613695765812857E-4,2.613695765812857E-4,2.613695765812857E-4,2.613695765812857E-4,2.613695765812857E-4,2.613695765812857E-4,2.613695765812857E-4,2.613695765812857E-4,2.613695765812857E-4,2.613695765812857E-4,2.613695765812857E-4,2.613695765812857E-4,2.613695765812857E-4,2.613695765812857E-4,2.613695765812857E-4,2.613695765812857E-4,2.613695765812857E-4,2.613695765812857E-4,2.613695765812857E-4,2.613695765812857E-4,2.613695765812857E-4,2.613695765812857E-4,2.613695765812857E-4,2.613695765812857E-4,2.613695765812857E-4,2.613695765812857E-4,2.613695765812857E-4,2.613695765812857E-4,2.613695765812857E-4,2.613695765812857E-4,2.613695765812857E-4,2.613695765812857E-4,2.613695765812857E-4,2.613695765812857E-4,2.613695765812857E-4,2.613695765812857E-4,2.613695765812857E-4,2.613695765812857E-4,2.613695765812857E-4
307,CATNODE,0,2.6420079260237764E-4,2.6420079260237764E-4,0.9978863936591806,2.6420079260237764E-4,2.6420079260237764E-4,2.6420079260237764E-4,2.6420079260237764E-4,2.6420079260237764E-4,2.6420079260237764E-4
386,PRD
59,CATNODE,4,0.018229314555057084,0.13089897211653131,0.15634050769492877,0.13816798228178775,0.14543699244704414,0.11636095178601852,0.15634050769492877,5.6789141916065686E-5,0.13816798228178775
112,CATNODE,2,0.2781754146784823,0.2545444217223358,0.2509088843444673,0.21637127925471497
172,CATNODE,0,5.6789141916065686E-5,5.6789141916065686E-5,5.6789141916065686E-5,5.6789141916065686E-5,5.6789141916065686E-5,5.6789141916065686E-5,5.6789141916065686E-5,0.9995456868646718,5.6789141916065686E-5
250,CATNODE,3,0.9998863830028972,5.68084985513833E-5,5.68084985513833E-5
308,CATNODE,7,5.665722379603399E-5,5.665722379603399E-5,5.665722379603399E-5,5.665722379603399E-5,5.665722379603399E-5,5.665722379603399E-5,5.665722379603399E-5,5.665722379603399E-5,5.665722379603399E-5,5.665722379603399E-5,5.665722379603399E-5,5.665722379603399E-5,5.665722379603399E-5,5.665722379603399E-5,5.665722379603399E-5,5.665722379603399E-5,5.665722379603399E-5,5.665722379603399E-5,5.665722379603399E-5,5.665722379603399E-5,5.665722379603399E-5,5.665722379603399E-5,5.665722379603399E-5,5.665722379603399E-5,5.665722379603399E-5,5.665722379603399E-5,5.665722379603399E-5,5.665722379603399E-5,5.665722379603399E-5,5.665722379603399E-5,5.665722379603399E-5,5.665722379603399E-5,5.665722379603399E-5,5.665722379603399E-5,5.665722379603399E-5,5.665722379603399E-5,5.665722379603399E-5,5.665722379603399E-5,5.665722379603399E-5,5.665722379603399E-5,5.665722379603399E-5,5.665722379603399E-5,5.665722379603399E-5,5.665722379603399E-5,0.9972237960339948,5.665722379603399E-5,5.665722379603399E-5,5.665722379603399E-5,5.665722379603399E-5,5.665722379603399E-5
309,CATNODE,6,0.3272737601545189,0.3327273760154519,0.339998863830029
385,PRD
370,SUM
352,PRD
173,CATNODE,6,2.2962112514351334E-4,2.2962112514351334E-4,0.9995407577497131
174,CATNODE,7,2.2716946842344385E-4,2.2716946842344385E-4,2.2716946842344385E-4,2.2716946842344385E-4,2.2716946842344385E-4,2.2716946842344385E-4,2.2716946842344385E-4,2.2716946842344385E-4,2.2716946842344385E-4,2.2716946842344385E-4,2.2716946842344385E-4,2.2716946842344385E-4,2.2716946842344385E-4,2.2716946842344385E-4,2.2716946842344385E-4,2.2716946842344385E-4,2.2716946842344385E-4,2.2716946842344385E-4,2.2716946842344385E-4,2.2716946842344385E-4,2.2716946842344385E-4,2.2716946842344385E-4,2.2716946842344385E-4,2.2716946842344385E-4,2.2716946842344385E-4,2.2716946842344385E-4,2.2716946842344385E-4,2.2716946842344385E-4,2.2716946842344385E-4,2.2716946842344385E-4,2.2716946842344385E-4,2.2716946842344385E-4,2.2716946842344385E-4,0.4436619718309862,2.2716946842344385E-4,2.2716946842344385E-4,2.2716946842344385E-4,2.2716946842344385E-4,0.545433893684689,2.2716946842344385E-4,2.2716946842344385E-4,2.2716946842344385E-4,2.2716946842344385E-4,2.2716946842344385E-4,2.2716946842344385E-4,2.2716946842344385E-4,2.2716946842344385E-4,2.2716946842344385E-4,2.2716946842344385E-4,2.2716946842344385E-4
351,PRD
175,CATNODE,7,2.932551319648093E-4,2.932551319648093E-4,2.932551319648093E-4,2.932551319648093E-4,2.932551319648093E-4,2.932551319648093E-4,2.932551319648093E-4,2.932551319648093E-4,2.932551319648093E-4,2.932551319648093E-4,2.932551319648093E-4,2.932551319648093E-4,2.932551319648093E-4,2.932551319648093E-4,2.932551319648093E-4,2.932551319648093E-4,2.932551319648093E-4,2.932551319648093E-4,2.932551319648093E-4,2.932551319648093E-4,2.932551319648093E-4,2.932551319648093E-4,2.932551319648093E-4,2.932551319648093E-4,2.932551319648093E-4,2.932551319648093E-4,2.932551319648093E-4,2.932551319648093E-4,2.932551319648093E-4,2.932551319648093E-4,2.932551319648093E-4,2.932551319648093E-4,2.932551319648093E-4,2.932551319648093E-4,2.932551319648093E-4,2.932551319648093E-4,2.932551319648093E-4,2.932551319648093E-4,0.9856304985337245,2.932551319648093E-4,2.932551319648093E-4,2.932551319648093E-4,2.932551319648093E-4,2.932551319648093E-4,2.932551319648093E-4,2.932551319648093E-4,2.932551319648093E-4,2.932551319648093E-4,2.932551319648093E-4,2.932551319648093E-4
176,CATNODE,6,0.4855783526613143,0.5141242937853108,2.973535533749627E-4
113,CATNODE,2,0.9996111975116647,1.2960082944530853E-4,1.2960082944530853E-4,1.2960082944530853E-4
177,CATNODE,0,0.13689936536718042,0.13275482450459783,0.0622976298406942,0.0995984976039373,0.11203212019168501,0.10788757932910244,0.12032120191685015,0.07058671156585933,0.15762206968009326
251,CATNODE,3,0.9997407647440051,1.2961762799740766E-4,1.2961762799740766E-4
252,CATNODE,4,0.09545395674135472,0.14104390622976298,0.07887579329102448,0.09130941587877216,0.10788757932910244,0.1493329879549281,0.11203212019168501,0.11617666105426756,0.10788757932910244
384,PRD
60,CATNODE,7,4.840271055179094E-4,4.840271055179094E-4,4.840271055179094E-4,4.840271055179094E-4,4.840271055179094E-4,4.840271055179094E-4,4.840271055179094E-4,4.840271055179094E-4,4.840271055179094E-4,4.840271055179094E-4,4.840271055179094E-4,4.840271055179094E-4,4.840271055179094E-4,4.840271055179094E-4,4.840271055179094E-4,4.840271055179094E-4,4.840271055179094E-4,4.840271055179094E-4,4.840271055179094E-4,4.840271055179094E-4,4.840271055179094E-4,4.840271055179094E-4,4.840271055179094E-4,4.840271055179094E-4,4.840271055179094E-4,4.840271055179094E-4,4.840271055179094E-4,4.840271055179094E-4,4.840271055179094E-4,4.840271055179094E-4,4.840271055179094E-4,4.840271055179094E-4,4.840271055179094E-4,0.9762826718296229,4.840271055179094E-4,4.840271055179094E-4,4.840271055179094E-4,4.840271055179094E-4,4.840271055179094E-4,4.840271055179094E-4,4.840271055179094E-4,4.840271055179094E-4,4.840271055179094E-4,4.840271055179094E-4,4.840271055179094E-4,4.840271055179094E-4,4.840271055179094E-4,4.840271055179094E-4,4.840271055179094E-4,4.840271055179094E-4
114,CATNODE,2,0.9985148514851486,4.950495049504948E-4,4.950495049504948E-4,4.950495049504948E-4
178,CATNODE,6,4.952947003467062E-4,4.952947003467062E-4,0.9990094105993068
253,CATNODE,0,4.938271604938273E-4,4.938271604938273E-4,0.4745679012345678,4.938271604938273E-4,4.938271604938273E-4,4.938271604938273E-4,4.938271604938273E-4,0.5219753086419753,4.938271604938273E-4
310,CATNODE,3,0.4125804853888064,0.19068845963348194,0.3967310549777118
311,CATNODE,4,0.14271604938271604,0.07950617283950613,0.09530864197530863,0.07950617283950613,0.14271604938271604,0.174320987654321,0.09530864197530863,0.0637037037037037,0.12691358024691354
14,CATNODE,5,0.9999591525516034,1.3615816132018941E-5,1.3615816132018941E-5,1.3615816132018941E-5
15,CATNODE,1,0.9999591525516034,1.3615816132018941E-5,1.3615816132018941E-5,1.3615816132018941E-5
431,PRD
2,CATNODE,5,2.3009664058904757E-5,0.9999309710078235,2.3009664058904757E-5,2.3009664058904757E-5
383,SUM
369,PRD
115,CATNODE,7,3.2499187520312004E-5,3.2499187520312004E-5,3.2499187520312004E-5,3.2499187520312004E-5,3.2499187520312004E-5,3.2499187520312004E-5,3.2499187520312004E-5,3.2499187520312004E-5,3.2499187520312004E-5,3.2499187520312004E-5,3.2499187520312004E-5,3.2499187520312004E-5,3.2499187520312004E-5,3.2499187520312004E-5,3.2499187520312004E-5,3.2499187520312004E-5,3.2499187520312004E-5,3.2499187520312004E-5,3.2499187520312004E-5,3.2499187520312004E-5,3.2499187520312004E-5,3.2499187520312004E-5,3.2499187520312004E-5,3.2499187520312004E-5,3.2499187520312004E-5,3.2499187520312004E-5,3.2499187520312004E-5,3.2499187520312004E-5,3.2499187520312004E-5,3.2499187520312004E-5,0.9984075398115044,3.2499187520312004E-5,3.2499187520312004E-5,3.2499187520312004E-5,3.2499187520312004E-5,3.2499187520312004E-5,3.2499187520312004E-5,3.2499187520312004E-5,3.2499187520312004E-5,3.2499187520312004E-5,3.2499187520312004E-5,3.2499187520312004E-5,3.2499187520312004E-5,3.2499187520312004E-5,3.2499187520312004E-5,3.2499187520312004E-5,3.2499187520312004E-5,3.2499187520312004E-5,3.2499187520312004E-5,3.2499187520312004E-5
179,CATNODE,1,0.2677060278609555,0.24270928264548874,0.25416612420257767,0.23541856529097774
180,CATNODE,3,3.2548904729355866E-5,0.999934902190541,3.2548904729355866E-5
368,PRD
116,CATNODE,3,0.9991330732553094,4.334633723450365E-4,4.334633723450365E-4
181,CATNODE,7,4.24808836023789E-4,4.24808836023789E-4,4.24808836023789E-4,4.24808836023789E-4,4.24808836023789E-4,4.24808836023789E-4,4.24808836023789E-4,4.24808836023789E-4,4.24808836023789E-4,4.24808836023789E-4,4.24808836023789E-4,4.24808836023789E-4,4.24808836023789E-4,4.24808836023789E-4,4.24808836023789E-4,4.24808836023789E-4,4.24808836023789E-4,4.24808836023789E-4,4.24808836023789E-4,4.24808836023789E-4,4.24808836023789E-4,4.24808836023789E-4,4.24808836023789E-4,4.24808836023789E-4,4.24808836023789E-4,4.24808836023789E-4,4.24808836023789E-4,4.24808836023789E-4,4.24808836023789E-4,4.24808836023789E-4,4.24808836023789E-4,4.24808836023789E-4,4.24808836023789E-4,4.24808836023789E-4,4.24808836023789E-4,4.24808836023789E-4,4.24808836023789E-4,4.24808836023789E-4,4.24808836023789E-4,4.24808836023789E-4,4.24808836023789E-4,4.24808836023789E-4,4.24808836023789E-4,4.24808836023789E-4,4.24808836023789E-4,4.24808836023789E-4,4.24808836023789E-4,4.24808836023789E-4,0.9791843670348338,4.24808836023789E-4
182,CATNODE,1,0.9987001733102251,4.3327556325823243E-4,4.3327556325823243E-4,4.3327556325823243E-4
367,PRD
117,CATNODE,3,0.9995751009135336,2.1244954323348204E-4,2.1244954323348204E-4
183,CATNODE,1,0.9993627867459641,2.124044180118945E-4,2.124044180118945E-4,2.124044180118945E-4
184,CATNODE,7,2.1034917963819934E-4,2.1034917963819934E-4,2.1034917963819934E-4,2.1034917963819934E-4,2.1034917963819934E-4,2.1034917963819934E-4,2.1034917963819934E-4,2.1034917963819934E-4,2.1034917963819934E-4,2.1034917963819934E-4,2.1034917963819934E-4,2.1034917963819934E-4,2.1034917963819934E-4,2.1034917963819934E-4,2.1034917963819934E-4,2.1034917963819934E-4,2.1034917963819934E-4,2.1034917963819934E-4,2.1034917963819934E-4,2.1034917963819934E-4,0.9896928901977284,2.1034917963819934E-4,2.1034917963819934E-4,2.1034917963819934E-4,2.1034917963819934E-4,2.1034917963819934E-4,2.1034917963819934E-4,2.1034917963819934E-4,2.1034917963819934E-4,2.1034917963819934E-4,2.1034917963819934E-4,2.1034917963819934E-4,2.1034917963819934E-4,2.1034917963819934E-4,2.1034917963819934E-4,2.1034917963819934E-4,2.1034917963819934E-4,2.1034917963819934E-4,2.1034917963819934E-4,2.1034917963819934E-4,2.1034917963819934E-4,2.1034917963819934E-4,2.1034917963819934E-4,2.1034917963819934E-4,2.1034917963819934E-4,2.1034917963819934E-4,2.1034917963819934E-4,2.1034917963819934E-4,2.1034917963819934E-4,2.1034917963819934E-4
366,PRD
118,CATNODE,1,4.873294346978557E-4,4.873294346978557E-4,0.9985380116959067,4.873294346978557E-4
185,CATNODE,3,0.9990248659190637,4.8756704046806456E-4,4.8756704046806456E-4
186,CATNODE,7,4.766444232602483E-4,4.766444232602483E-4,4.766444232602483E-4,4.766444232602483E-4,4.766444232602483E-4,4.766444232602483E-4,4.766444232602483E-4,4.766444232602483E-4,4.766444232602483E-4,4.766444232602483E-4,4.766444232602483E-4,4.766444232602483E-4,4.766444232602483E-4,4.766444232602483E-4,4.766444232602483E-4,4.766444232602483E-4,4.766444232602483E-4,4.766444232602483E-4,4.766444232602483E-4,4.766444232602483E-4,4.766444232602483E-4,4.766444232602483E-4,4.766444232602483E-4,4.766444232602483E-4,4.766444232602483E-4,4.766444232602483E-4,4.766444232602483E-4,4.766444232602483E-4,4.766444232602483E-4,4.766444232602483E-4,4.766444232602483E-4,4.766444232602483E-4,4.766444232602483E-4,4.766444232602483E-4,4.766444232602483E-4,4.766444232602483E-4,4.766444232602483E-4,4.766444232602483E-4,4.766444232602483E-4,4.766444232602483E-4,4.766444232602483E-4,4.766444232602483E-4,4.766444232602483E-4,4.766444232602483E-4,4.766444232602483E-4,4.766444232602483E-4,4.766444232602483E-4,4.766444232602483E-4,0.9766444232602481,4.766444232602483E-4
365,PRD
119,CATNODE,7,5.076142131979695E-4,5.076142131979695E-4,5.076142131979695E-4,5.076142131979695E-4,5.076142131979695E-4,5.076142131979695E-4,5.076142131979695E-4,5.076142131979695E-4,5.076142131979695E-4,5.076142131979695E-4,5.076142131979695E-4,5.076142131979695E-4,5.076142131979695E-4,5.076142131979695E-4,5.076142131979695E-4,5.076142131979695E-4,5.076142131979695E-4,5.076142131979695E-4,5.076142131979695E-4,5.076142131979695E-4,5.076142131979695E-4,5.076142131979695E-4,5.076142131979695E-4,5.076142131979695E-4,5.076142131979695E-4,5.076142131979695E-4,5.076142131979695E-4,5.076142131979695E-4,5.076142131979695E-4,5.076142131979695E-4,5.076142131979695E-4,5.076142131979695E-4,5.076142131979695E-4,5.076142131979695E-4,5.076142131979695E-4,5.076142131979695E-4,5.076142131979695E-4,5.076142131979695E-4,5.076142131979695E-4,5.076142131979695E-4,5.076142131979695E-4,5.076142131979695E-4,5.076142131979695E-4,5.076142131979695E-4,5.076142131979695E-4,5.076142131979695E-4,5.076142131979695E-4,5.076142131979695E-4,0.9751269035532997,5.076142131979695E-4
187,CATNODE,3,0.9989599583983361,5.200208008320332E-4,5.200208008320332E-4
188,CATNODE,1,5.197505197505202E-4,0.9984407484407487,5.197505197505202E-4,5.197505197505202E-4
364,PRD
120,CATNODE,7,5.524861878453036E-4,5.524861878453036E-4,5.524861878453036E-4,5.524861878453036E-4,5.524861878453036E-4,5.524861878453036E-4,5.524861878453036E-4,5.524861878453036E-4,5.524861878453036E-4,5.524861878453036E-4,5.524861878453036E-4,5.524861878453036E-4,5.524861878453036E-4,5.524861878453036E-4,5.524861878453036E-4,5.524861878453036E-4,5.524861878453036E-4,5.524861878453036E-4,5.524861878453036E-4,5.524861878453036E-4,5.524861878453036E-4,5.524861878453036E-4,5.524861878453036E-4,5.524861878453036E-4,5.524861878453036E-4,5.524861878453036E-4,5.524861878453036E-4,5.524861878453036E-4,5.524861878453036E-4,5.524861878453036E-4,5.524861878453036E-4,5.524861878453036E-4,5.524861878453036E-4,5.524861878453036E-4,5.524861878453036E-4,5.524861878453036E-4,5.524861878453036E-4,5.524861878453036E-4,5.524861878453036E-4,5.524861878453036E-4,5.524861878453036E-4,5.524861878453036E-4,5.524861878453036E-4,5.524861878453036E-4,5.524861878453036E-4,5.524861878453036E-4,5.524861878453036E-4,5.524861878453036E-4,0.9729281767955802,5.524861878453036E-4
189,CATNODE,1,5.668934240362815E-4,5.668934240362815E-4,5.668934240362815E-4,0.9982993197278915
190,CATNODE,3,0.9988655700510495,5.672149744753259E-4,5.672149744753259E-4
61,CATNODE,0,0.10383066835384788,0.10456689290233517,0.10530311745082252,0.1126653629356954,0.11045668929023353,0.10162199470838607,0.11781893477510641,0.12297250661451736,0.1207638329690555
121,CATNODE,4,0.1089842401932589,0.11192913838720804,0.11119291383872085,0.11487403658115729,0.11487403658115729,0.11192913838720804,0.11561026112964451,0.09646842286897499,0.11413781203266996
191,CATNODE,2,2.3009664058904757E-5,2.3009664058904757E-5,0.9999309710078235,2.3009664058904757E-5
192,CATNODE,6,2.3010193515727448E-5,2.3010193515727448E-5,0.999953979612968
430,PRD
418,SUM
382,PRD
62,CATNODE,0,0.09553023663453111,0.08431200701139352,0.08992112182296232,0.10674846625766875,0.14601226993865032,0.13479404031551273,0.08992112182296232,0.10674846625766875,0.14601226993865032
122,CATNODE,6,1.7546938059308638E-4,0.9996490612388133,1.7546938059308638E-4
193,CATNODE,4,0.9985977212971078,1.7528483786152492E-4,1.7528483786152492E-4,1.7528483786152492E-4,1.7528483786152492E-4,1.7528483786152492E-4,1.7528483786152492E-4,1.7528483786152492E-4,1.7528483786152492E-4
254,CATNODE,7,1.7403411068569436E-4,1.7403411068569436E-4,1.7403411068569436E-4,1.7403411068569436E-4,1.7403411068569436E-4,1.7403411068569436E-4,1.7403411068569436E-4,1.7403411068569436E-4,1.7403411068569436E-4,1.7403411068569436E-4,1.7403411068569436E-4,1.7403411068569436E-4,1.7403411068569436E-4,1.7403411068569436E-4,1.7403411068569436E-4,1.7403411068569436E-4,1.7403411068569436E-4,1.7403411068569436E-4,1.7403411068569436E-4,1.7403411068569436E-4,1.7403411068569436E-4,1.7403411068569436E-4,1.7403411068569436E-4,1.7403411068569436E-4,1.7403411068569436E-4,1.7403411068569436E-4,1.7403411068569436E-4,1.7403411068569436E-4,1.7403411068569436E-4,1.7403411068569436E-4,1.7403411068569436E-4,1.7403411068569436E-4,1.7403411068569436E-4,1.7403411068569436E-4,1.7403411068569436E-4,1.7403411068569436E-4,1.7403411068569436E-4,1.7403411068569436E-4,1.7403411068569436E-4,1.7403411068569436E-4,1.7403411068569436E-4,1.7403411068569436E-4,1.7403411068569436E-4,1.7403411068569436E-4,1.7403411068569436E-4,1.7403411068569436E-4,0.991472328576401,1.7403411068569436E-4,1.7403411068569436E-4,1.7403411068569436E-4
255,CATNODE,5,1.7543859649122814E-4,1.7543859649122814E-4,1.7543859649122814E-4,0.999473684210526
381,PRD
63,CATNODE,4,4.462492748449287E-5,4.462492748449287E-5,4.462492748449287E-5,4.462492748449287E-5,4.462492748449287E-5,4.462492748449287E-5,4.462492748449287E-5,0.999643000580124,4.462492748449287E-5
350,SUM
343,PRD
256,CATNODE,6,0.30461024188681,0.347694879056595,0.347694879056595
257,CATNODE,7,4.632632261651074E-5,0.9977300101917912,4.632632261651074E-5,4.632632261651074E-5,4.632632261651074E-5,4.632632261651074E-5,4.632632261651074E-5,4.632632261651074E-5,4.632632261651074E-5,4.632632261651074E-5,4.632632261651074E-5,4.632632261651074E-5,4.632632261651074E-5,4.632632261651074E-5,4.632632261651074E-5,4.632632261651074E-5,4.632632261651074E-5,4.632632261651074E-5,4.632632261651074E-5,4.632632261651074E-5,4.632632261651074E-5,4.632632261651074E-5,4.632632261651074E-5,4.632632261651074E-5,4.632632261651074E-5,4.632632261651074E-5,4.632632261651074E-5,4.632632261651074E-5,4.632632261651074E-5,4.632632261651074E-5,4.632632261651074E-5,4.632632261651074E-5,4.632632261651074E-5,4.632632261651074E-5,4.632632261651074E-5,4.632632261651074E-5,4.632632261651074E-5,4.632632261651074E-5,4.632632261651074E-5,4.632632261651074E-5,4.632632261651074E-5,4.632632261651074E-5,4.632632261651074E-5,4.632632261651074E-5,4.632632261651074E-5,4.632632261651074E-5,4.632632261651074E-5,4.632632261651074E-5,4.632632261651074E-5,4.632632261651074E-5
342,PRD
258,CATNODE,6,0.001153402537485583,0.001153402537485583,0.9976931949250288
259,CATNODE,7,0.001094091903719912,0.001094091903719912,0.001094091903719912,0.001094091903719912,0.001094091903719912,0.001094091903719912,0.001094091903719912,0.001094091903719912,0.001094091903719912,0.001094091903719912,0.001094091903719912,0.9463894967177243,0.001094091903719912,0.001094091903719912,0.001094091903719912,0.001094091903719912,0.001094091903719912,0.001094091903719912,0.001094091903719912,0.001094091903719912,0.001094091903719912,0.001094091903719912,0.001094091903719912,0.001094091903719912,0.001094091903719912,0.001094091903719912,0.001094091903719912,0.001094091903719912,0.001094091903719912,0.001094091903719912,0.001094091903719912,0.001094091903719912,0.001094091903719912,0.001094091903719912,0.001094091903719912,0.001094091903719912,0.001094091903719912,0.001094091903719912,0.001094091903719912,0.001094091903719912,0.001094091903719912,0.001094091903719912,0.001094091903719912,0.001094091903719912,0.001094091903719912,0.001094091903719912,0.001094091903719912,0.001094091903719912,0.001094091903719912,0.001094091903719912
194,CATNODE,5,0.9998660953401176,4.4634886627388E-5,4.4634886627388E-5,4.4634886627388E-5
195,CATNODE,0,0.09857646481324472,0.11856843232629749,0.11000044624927492,0.11142844392877865,0.12713641840332016,0.10143246017225227,0.1214244276853051,0.11714043464679379,0.09429247177473342
380,PRD
64,CATNODE,6,0.35760082730093085,0.32450879007238903,0.3178903826266805
123,CATNODE,0,2.0656889072505664E-4,2.0656889072505664E-4,2.0656889072505664E-4,2.0656889072505664E-4,2.0656889072505664E-4,2.0656889072505664E-4,2.0656889072505664E-4,0.9983474488741996,2.0656889072505664E-4
196,CATNODE,4,0.44309027060524653,2.0656889072505664E-4,2.0656889072505664E-4,2.0656889072505664E-4,2.0656889072505664E-4,2.0656889072505664E-4,2.0656889072505664E-4,0.5554637471596776,2.0656889072505664E-4
260,CATNODE,5,0.9993796526054598,2.0678246484698095E-4,2.0678246484698095E-4,2.0678246484698095E-4
261,CATNODE,7,2.048340843916427E-4,2.048340843916427E-4,2.048340843916427E-4,2.048340843916427E-4,2.048340843916427E-4,2.048340843916427E-4,2.048340843916427E-4,2.048340843916427E-4,2.048340843916427E-4,2.048340843916427E-4,2.048340843916427E-4,2.048340843916427E-4,2.048340843916427E-4,2.048340843916427E-4,2.048340843916427E-4,2.048340843916427E-4,2.048340843916427E-4,2.048340843916427E-4,2.048340843916427E-4,2.048340843916427E-4,2.048340843916427E-4,2.048340843916427E-4,2.048340843916427E-4,2.048340843916427E-4,2.048340843916427E-4,2.048340843916427E-4,2.048340843916427E-4,2.048340843916427E-4,2.048340843916427E-4,2.048340843916427E-4,2.048340843916427E-4,2.048340843916427E-4,2.048340843916427E-4,2.048340843916427E-4,2.048340843916427E-4,2.048340843916427E-4,2.048340843916427E-4,2.048340843916427E-4,2.048340843916427E-4,2.048340843916427E-4,2.048340843916427E-4,2.048340843916427E-4,2.048340843916427E-4,2.048340843916427E-4,0.98996312986481,2.048340843916427E-4,2.048340843916427E-4,2.048340843916427E-4,2.048340843916427E-4,2.048340843916427E-4
379,PRD
65,CATNODE,0,0.0010672358591248667,0.0010672358591248667,0.9914621131270013,0.0010672358591248667,0.0010672358591248667,0.0010672358591248667,0.0010672358591248667,0.0010672358591248667,0.0010672358591248667
124,CATNODE,4,0.2742796157950907,0.0010672358591248667,0.0010672358591248667,0.0010672358591248667,0.0010672358591248667,0.0010672358591248667,0.0010672358591248667,0.7182497331910354,0.0010672358591248667
197,CATNODE,7,0.001022494887525562,0.001022494887525562,0.001022494887525562,0.8517382413087935,0.001022494887525562,0.001022494887525562,0.001022494887525562,0.001022494887525562,0.001022494887525562,0.001022494887525562,0.001022494887525562,0.09918200408997956,0.001022494887525562,0.001022494887525562,0.001022494887525562,0.001022494887525562,0.001022494887525562,0.001022494887525562,0.001022494887525562,0.001022494887525562,0.001022494887525562,0.001022494887525562,0.001022494887525562,0.001022494887525562,0.001022494887525562,0.001022494887525562,0.001022494887525562,0.001022494887525562,0.001022494887525562,0.001022494887525562,0.001022494887525562,0.001022494887525562,0.001022494887525562,0.001022494887525562,0.001022494887525562,0.001022494887525562,0.001022494887525562,0.001022494887525562,0.001022494887525562,0.001022494887525562,0.001022494887525562,0.001022494887525562,0.001022494887525562,0.001022494887525562,0.001022494887525562,0.001022494887525562,0.001022494887525562,0.001022494887525562,0.001022494887525562,0.001022494887525562
262,CATNODE,5,0.9967811158798282,0.0010729613733905573,0.0010729613733905573,0.0010729613733905573
263,CATNODE,6,0.0010741138560687433,0.0010741138560687433,0.9978517722878625
16,CATNODE,1,0.9999113998818667,2.95333727111636E-5,2.95333727111636E-5,2.95333727111636E-5
66,CATNODE,2,0.243857058476078,0.24102185469580623,0.25992321323095097,0.25519787359716467
67,CATNODE,3,0.9999409315100859,2.9534244957027656E-5,2.9534244957027656E-5
429,PRD
417,SUM
378,PRD
68,CATNODE,7,3.080145382862074E-5,3.080145382862074E-5,3.080145382862074E-5,3.080145382862074E-5,0.09268157457031978,3.080145382862074E-5,3.080145382862074E-5,3.080145382862074E-5,3.080145382862074E-5,3.080145382862074E-5,3.080145382862074E-5,3.080145382862074E-5,3.080145382862074E-5,3.080145382862074E-5,3.080145382862074E-5,3.080145382862074E-5,3.080145382862074E-5,3.080145382862074E-5,3.080145382862074E-5,3.080145382862074E-5,3.080145382862074E-5,3.080145382862074E-5,3.080145382862074E-5,3.080145382862074E-5,3.080145382862074E-5,3.080145382862074E-5,3.080145382862074E-5,3.080145382862074E-5,3.080145382862074E-5,3.080145382862074E-5,3.080145382862074E-5,3.080145382862074E-5,3.080145382862074E-5,3.080145382862074E-5,3.080145382862074E-5,3.080145382862074E-5,3.080145382862074E-5,0.9058399556459065,3.080145382862074E-5,3.080145382862074E-5,3.080145382862074E-5,3.080145382862074E-5,3.080145382862074E-5,3.080145382862074E-5,3.080145382862074E-5,3.080145382862074E-5,3.080145382862074E-5,3.080145382862074E-5,3.080145382862074E-5,3.080145382862074E-5
69,CATNODE,1,3.084515731030227E-5,3.084515731030227E-5,3.084515731030227E-5,0.9999074645280696
377,PRD
70,CATNODE,7,9.230201218386565E-5,9.230201218386565E-5,9.230201218386565E-5,9.230201218386565E-5,0.9954772014029908,9.230201218386565E-5,9.230201218386565E-5,9.230201218386565E-5,9.230201218386565E-5,9.230201218386565E-5,9.230201218386565E-5,9.230201218386565E-5,9.230201218386565E-5,9.230201218386565E-5,9.230201218386565E-5,9.230201218386565E-5,9.230201218386565E-5,9.230201218386565E-5,9.230201218386565E-5,9.230201218386565E-5,9.230201218386565E-5,9.230201218386565E-5,9.230201218386565E-5,9.230201218386565E-5,9.230201218386565E-5,9.230201218386565E-5,9.230201218386565E-5,9.230201218386565E-5,9.230201218386565E-5,9.230201218386565E-5,9.230201218386565E-5,9.230201218386565E-5,9.230201218386565E-5,9.230201218386565E-5,9.230201218386565E-5,9.230201218386565E-5,9.230201218386565E-5,9.230201218386565E-5,9.230201218386565E-5,9.230201218386565E-5,9.230201218386565E-5,9.230201218386565E-5,9.230201218386565E-5,9.230201218386565E-5,9.230201218386565E-5,9.230201218386565E-5,9.230201218386565E-5,9.230201218386565E-5,9.230201218386565E-5,9.230201218386565E-5
71,CATNODE,1,0.34121245828698554,0.37977382276603655,0.2789210233592882,9.269558769002602E-5
17,CATNODE,2,0.25703638551985925,0.23703823720025924,0.26444310711971125,0.24148227016017046
72,CATNODE,4,0.10518641949593832,0.12740401305283627,0.09629938207317924,0.12296049434145666,0.10666759239973157,0.10592700594783498,0.11333287046680092,0.11555462982249073,0.10666759239973157
125,CATNODE,3,2.314654074948499E-5,0.9999537069185018,2.314654074948499E-5
198,CATNODE,5,2.3146004999537095E-5,2.3146004999537095E-5,0.9999305619850021,2.3146004999537095E-5
264,CATNODE,6,2.314654074948499E-5,2.314654074948499E-5,0.9999537069185018
265,CATNODE,0,0.12296049434145666,0.10444583304404172,0.11777638917818042,0.09926172788076558,0.11851697563007708,0.10444583304404172,0.1214793214376634,0.09481820916938605,0.11629521627438727
428,PRD
3,CATNODE,2,0.25596065964633424,0.25913967812437905,0.22099145638784012,0.2639082058414464
18,CATNODE,3,0.9999006507376679,4.96746311658636E-5,4.96746311658636E-5
363,SUM
349,PRD
199,CATNODE,1,7.165376898824874E-5,0.34400974491258246,0.3233734594439666,0.33254514187446244
266,CATNODE,6,7.165890361877461E-5,7.165890361877461E-5,0.9998566821927626
267,CATNODE,7,7.141836880445651E-5,7.141836880445651E-5,7.141836880445651E-5,7.141836880445651E-5,7.141836880445651E-5,7.141836880445651E-5,7.141836880445651E-5,7.141836880445651E-5,7.141836880445651E-5,7.141836880445651E-5,7.141836880445651E-5,7.141836880445651E-5,7.141836880445651E-5,7.141836880445651E-5,7.141836880445651E-5,7.141836880445651E-5,7.141836880445651E-5,7.141836880445651E-5,7.141836880445651E-5,7.141836880445651E-5,7.141836880445651E-5,7.141836880445651E-5,7.141836880445651E-5,7.141836880445651E-5,7.141836880445651E-5,7.141836880445651E-5,7.141836880445651E-5,7.141836880445651E-5,7.141836880445651E-5,7.141836880445651E-5,7.141836880445651E-5,7.141836880445651E-5,7.141836880445651E-5,7.141836880445651E-5,7.141836880445651E-5,7.141836880445651E-5,7.141836880445651E-5,7.141836880445651E-5,7.141836880445651E-5,7.141836880445651E-5,7.141836880445651E-5,0.9965004999285814,7.141836880445651E-5,7.141836880445651E-5,7.141836880445651E-5,7.141836880445651E-5,7.141836880445651E-5,7.141836880445651E-5,7.141836880445651E-5,7.141836880445651E-5
348,PRD
200,CATNODE,1,1.9516003122560486E-4,1.9516003122560486E-4,0.999414519906323,1.9516003122560486E-4
268,CATNODE,6,1.9519812609798936E-4,0.999609603747804,1.9519812609798936E-4
269,CATNODE,7,1.934235976789168E-4,1.934235976789168E-4,0.09922630560928435,1.934235976789168E-4,1.934235976789168E-4,1.934235976789168E-4,1.934235976789168E-4,1.934235976789168E-4,0.8914893617021281,1.934235976789168E-4,1.934235976789168E-4,1.934235976789168E-4,1.934235976789168E-4,1.934235976789168E-4,1.934235976789168E-4,1.934235976789168E-4,1.934235976789168E-4,1.934235976789168E-4,1.934235976789168E-4,1.934235976789168E-4,1.934235976789168E-4,1.934235976789168E-4,1.934235976789168E-4,1.934235976789168E-4,1.934235976789168E-4,1.934235976789168E-4,1.934235976789168E-4,1.934235976789168E-4,1.934235976789168E-4,1.934235976789168E-4,1.934235976789168E-4,1.934235976789168E-4,1.934235976789168E-4,1.934235976789168E-4,1.934235976789168E-4,1.934235976789168E-4,1.934235976789168E-4,1.934235976789168E-4,1.934235976789168E-4,1.934235976789168E-4,1.934235976789168E-4,1.934235976789168E-4,1.934235976789168E-4,1.934235976789168E-4,1.934235976789168E-4,1.934235976789168E-4,1.934235976789168E-4,1.934235976789168E-4,1.934235976789168E-4,1.934235976789168E-4
347,PRD
201,CATNODE,1,9.433962264150943E-4,0.5141509433962264,9.433962264150943E-4,0.48396226415094334
270,CATNODE,7,9.041591320072339E-4,9.041591320072339E-4,0.9556962025316459,9.041591320072339E-4,9.041591320072339E-4,9.041591320072339E-4,9.041591320072339E-4,9.041591320072339E-4,9.041591320072339E-4,9.041591320072339E-4,9.041591320072339E-4,9.041591320072339E-4,9.041591320072339E-4,9.041591320072339E-4,9.041591320072339E-4,9.041591320072339E-4,9.041591320072339E-4,9.041591320072339E-4,9.041591320072339E-4,9.041591320072339E-4,9.041591320072339E-4,9.041591320072339E-4,9.041591320072339E-4,9.041591320072339E-4,9.041591320072339E-4,9.041591320072339E-4,9.041591320072339E-4,9.041591320072339E-4,9.041591320072339E-4,9.041591320072339E-4,9.041591320072339E-4,9.041591320072339E-4,9.041591320072339E-4,9.041591320072339E-4,9.041591320072339E-4,9.041591320072339E-4,9.041591320072339E-4,9.041591320072339E-4,9.041591320072339E-4,9.041591320072339E-4,9.041591320072339E-4,9.041591320072339E-4,9.041591320072339E-4,9.041591320072339E-4,9.041591320072339E-4,9.041591320072339E-4,9.041591320072339E-4,9.041591320072339E-4,9.041591320072339E-4,9.041591320072339E-4
271,CATNODE,6,9.442870632672332E-4,0.9981114258734656,9.442870632672332E-4
126,CATNODE,5,4.967216371945163E-5,4.967216371945163E-5,0.9998509835088415,4.967216371945163E-5
202,CATNODE,0,0.11287679396136467,0.11128767939613647,0.11287679396136467,0.12876793961364646,0.10334210656999554,0.10175299200476734,0.11128767939613647,0.14465908526592844,0.07314892983065999
203,CATNODE,4,0.1096985648309083,0.08109450265680092,0.15260465809206933,0.10493122113522374,0.1208223667875056,0.09698564830908282,0.10334210656999554,0.11764413765704917,0.11287679396136467
427,PRD
416,SUM
376,PRD
73,CATNODE,5,0.9998158605450532,6.137981831573779E-5,6.137981831573779E-5,6.137981831573779E-5
127,CATNODE,7,6.120700208103806E-5,6.120700208103806E-5,6.120700208103806E-5,6.120700208103806E-5,6.120700208103806E-5,6.120700208103806E-5,6.120700208103806E-5,6.120700208103806E-5,6.120700208103806E-5,6.120700208103806E-5,6.120700208103806E-5,6.120700208103806E-5,6.120700208103806E-5,6.120700208103806E-5,6.120700208103806E-5,6.120700208103806E-5,6.120700208103806E-5,6.120700208103806E-5,6.120700208103806E-5,6.120700208103806E-5,6.120700208103806E-5,6.120700208103806E-5,6.120700208103806E-5,6.120700208103806E-5,6.120700208103806E-5,6.120700208103806E-5,6.120700208103806E-5,6.120700208103806E-5,6.120700208103806E-5,6.120700208103806E-5,6.120700208103806E-5,6.120700208103806E-5,6.120700208103806E-5,6.120700208103806E-5,6.120700208103806E-5,6.120700208103806E-5,6.120700208103806E-5,6.120700208103806E-5,0.9970008568980295,6.120700208103806E-5,6.120700208103806E-5,6.120700208103806E-5,6.120700208103806E-5,6.120700208103806E-5,6.120700208103806E-5,6.120700208103806E-5,6.120700208103806E-5,6.120700208103806E-5,6.120700208103806E-5,6.120700208103806E-5
204,CATNODE,6,0.3379166410901726,0.3241667178196551,0.3379166410901726
205,CATNODE,1,6.137981831573779E-5,0.32414682052541144,0.33593174564203293,0.3398600540142403
375,PRD
74,CATNODE,5,2.1385799828913606E-4,2.1385799828913606E-4,0.999358426005132,2.1385799828913606E-4
128,CATNODE,1,2.1385799828913606E-4,2.1385799828913606E-4,2.1385799828913606E-4,0.999358426005132
206,CATNODE,6,2.1390374331550812E-4,2.1390374331550812E-4,0.9995721925133686
207,CATNODE,7,2.1177467174925892E-4,2.1177467174925892E-4,2.1177467174925892E-4,2.1177467174925892E-4,2.1177467174925892E-4,2.1177467174925892E-4,2.1177467174925892E-4,2.1177467174925892E-4,2.1177467174925892E-4,2.1177467174925892E-4,0.9896230410842861,2.1177467174925892E-4,2.1177467174925892E-4,2.1177467174925892E-4,2.1177467174925892E-4,2.1177467174925892E-4,2.1177467174925892E-4,2.1177467174925892E-4,2.1177467174925892E-4,2.1177467174925892E-4,2.1177467174925892E-4,2.1177467174925892E-4,2.1177467174925892E-4,2.1177467174925892E-4,2.1177467174925892E-4,2.1177467174925892E-4,2.1177467174925892E-4,2.1177467174925892E-4,2.1177467174925892E-4,2.1177467174925892E-4,2.1177467174925892E-4,2.1177467174925892E-4,2.1177467174925892E-4,2.1177467174925892E-4,2.1177467174925892E-4,2.1177467174925892E-4,2.1177467174925892E-4,2.1177467174925892E-4,2.1177467174925892E-4,2.1177467174925892E-4,2.1177467174925892E-4,2.1177467174925892E-4,2.1177467174925892E-4,2.1177467174925892E-4,2.1177467174925892E-4,2.1177467174925892E-4,2.1177467174925892E-4,2.1177467174925892E-4,2.1177467174925892E-4,2.1177467174925892E-4
19,CATNODE,3,0.9999045938081382,4.770309593092588E-5,4.770309593092588E-5
75,CATNODE,4,0.10687204921550857,0.1083981114979255,0.0931374886737565,0.12976298345176213,0.11755448519242692,0.09771567552100717,0.12518479660451143,0.10534598693309169,0.11602842291000999
129,CATNODE,0,0.11145023606275926,0.11755448519242692,0.09924173780342407,0.12365873432209443,0.10076780008584099,0.12976298345176213,0.12518479660451143,0.08855930182650576,0.10381992465067481
130,CATNODE,2,0.9998568975386385,4.770082045411181E-5,4.770082045411181E-5,4.770082045411181E-5
##EDGES##
442,441,0.12754128010181867
442,440,0.08242623170445791
442,439,0.02823458485447299
442,438,0.0836989650668185
442,437,0.07579462102689487
442,436,0.16485246340891582
442,435,0.11940248517935492
442,434,0.032119770907994775
442,433,0.039923635998258364
442,432,0.07686639648993536
442,431,0.04548347121278092
442,430,0.0354355762467763
442,429,0.0452155273470208
442,428,0.02106708644538969
442,427,0.021937904009110092
441,426
441,4
441,22
441,77
441,78
426,415,0.7872899159663865
426,414,0.21271008403361344
415,374
415,20
374,362,0.7108072048032021
374,361,0.28919279519679786
362,346
362,131
346,341,0.4396996715157203
346,340,0.5603003284842797
341,272
341,273
340,274
340,275
361,132
361,208
361,209
414,21
414,76
414,133
414,134
440,425
440,5
440,26
440,27
425,413,0.43600162535554654
425,412,0.22754977651361236
425,411,0.3364485981308411
413,23
413,79
413,135
413,210
413,211
412,24
412,80
412,136
412,212
412,213
411,25
411,81
411,137
411,214
411,215
439,0
439,6
439,28
439,82
439,138
439,216
439,276
439,277
438,424
438,7
438,32
438,33
424,410,0.45938375350140054
424,409,0.31172468987595037
424,408,0.22889155662264907
410,29
410,83
410,139
410,217
410,218
409,30
409,84
409,140
409,219
409,220
408,31
408,85
408,141
408,221
408,222
437,423
437,8
437,37
437,38
423,407,0.26601855943437913
423,406,0.25231992929739283
423,405,0.48166151126822804
407,34
407,86
407,142
407,223
407,224
406,35
406,87
406,143
406,225
406,226
405,36
405,88
405,144
405,227
405,228
436,1
436,9
436,373
436,89
436,90
373,360,0.306176351076798
373,359,0.5796424217797643
373,358,0.08309630231613166
373,357,0.031084924827305974
360,145
360,339
360,229
339,332,0.43795620437956206
339,331,0.5620437956204379
332,312
332,313
331,314
331,315
359,345
359,230
359,231
345,338,0.7444794952681388
345,337,0.17770767613038907
345,336,0.07781282860147214
338,278
338,279
337,280
337,281
336,282
336,283
358,146
358,232
358,284
358,285
357,147
357,233
357,286
357,287
435,422
435,10
435,11
422,404,0.1152875175315568
422,403,0.15539971949509115
422,402,0.14726507713884993
422,401,0.182328190743338
422,400,0.10126227208976157
422,399,0.050771388499298735
422,398,0.08920056100981767
422,397,0.07068723702664796
422,396,0.06732117812061711
422,395,0.020476858345021037
404,39
404,91
404,148
404,234
404,288
404,289
403,40
403,92
403,149
403,235
403,290
403,291
402,41
402,93
402,150
402,236
402,292
402,293
401,42
401,94
401,151
401,237
401,294
401,295
400,43
400,95
400,152
400,238
400,335
335,330,0.7950138504155124
335,329,0.20498614958448755
330,316
330,317
329,318
329,319
399,44
399,96
399,153
399,239
399,296
399,297
398,45
398,97
398,154
398,240
398,298
398,299
397,372
397,98
397,159
397,241
397,242
372,356,0.9166666666666666
372,355,0.08333333333333333
356,155
356,156
355,157
355,158
396,46
396,99
396,344
396,160
344,334,0.3333333333333333
344,333,0.6666666666666666
334,300
334,320
334,321
333,301
333,328
328,327,0.55625
328,326,0.44375
327,322
327,323
326,324
326,325
395,47
395,100
395,161
395,243
395,302
395,303
434,421
434,12
434,51
434,107
434,162
434,163
421,394,0.09176225234619395
421,393,0.8383733055265902
421,392,0.06986444212721585
394,48
394,101
394,102
393,49
393,103
393,104
392,50
392,105
392,106
433,420
433,13
433,56
433,108
433,164
433,244
433,245
420,391,0.4697986577181208
420,390,0.5302013422818792
391,52
391,53
390,54
390,55
432,419
432,14
432,15
419,389,0.4418300653594771
419,388,0.134640522875817
419,387,0.0514161220043573
419,386,0.23965141612200436
419,385,0.10501089324618737
419,384,0.027450980392156862
389,371
389,109
389,169
389,246
389,247
371,354,0.9408284023668639
371,353,0.05917159763313609
354,165
354,166
353,167
353,168
388,57
388,110
388,170
388,248
388,304
388,305
387,58
387,111
387,171
387,249
387,306
387,307
386,59
386,112
386,172
386,250
386,308
386,309
385,370
385,113
385,177
385,251
385,252
370,352,0.5643153526970954
370,351,0.43568464730290457
352,173
352,174
351,175
351,176
384,60
384,114
384,178
384,253
384,310
384,311
431,2
431,383
431,61
431,121
431,191
431,192
383,369,0.7069219440353461
383,368,0.053019145802650956
383,367,0.10824742268041238
383,366,0.047128129602356406
383,365,0.044182621502209134
383,364,0.04050073637702504
369,115
369,179
369,180
368,116
368,181
368,182
367,117
367,183
367,184
366,118
366,185
366,186
365,119
365,187
365,188
364,120
364,189
364,190
430,418
430,16
430,66
430,67
418,382,0.16824196597353497
418,381,0.6616257088846881
418,380,0.14272211720226843
418,379,0.027410207939508508
382,62
382,122
382,193
382,254
382,255
381,63
381,350
381,194
381,195
350,343,0.9614285714285714
350,342,0.03857142857142857
343,256
343,257
342,258
342,259
380,64
380,123
380,196
380,260
380,261
379,65
379,124
379,197
379,262
379,263
429,417
429,17
429,72
429,125
429,198
429,264
429,265
417,378,0.7503703703703704
417,377,0.24962962962962962
378,68
378,69
377,70
377,71
428,3
428,18
428,363
428,126
428,202
428,203
363,349,0.6931637519872814
363,348,0.2543720190779014
363,347,0.05246422893481717
349,199
349,266
349,267
348,200
348,268
348,269
347,201
347,270
347,271
427,416
427,19
427,75
427,129
427,130
416,376,0.7770992366412214
416,375,0.22290076335877862
376,73
376,127
376,204
376,205
375,74
375,128
375,206
375,207
