##NODES##
476,SUM
475,PRD
0,CATNODE,0,0.31927710843373497,0.006024096385542172,0.006024096385542172,0.6325301204819278,0.006024096385542172,0.006024096385542172,0.006024096385542172,0.006024096385542172,0.006024096385542172,0.006024096385542172
73,CATNODE,1,0.0755813953488372,0.029069767441860465,0.0755813953488372,0.05232558139534884,0.05232558139534884,0.029069767441860465,0.05232558139534884,0.05232558139534884,0.0755813953488372,0.05232558139534884,0.0755813953488372,0.05232558139534884,0.0755813953488372,0.14534883720930233,0.029069767441860465,0.0755813953488372
140,CATNODE,5,0.0056497175141242955,0.0056497175141242955,0.0056497175141242955,0.0056497175141242955,0.0056497175141242955,0.0056497175141242955,0.0056497175141242955,0.0056497175141242955,0.0056497175141242955,0.0056497175141242955,0.0056497175141242955,0.0056497175141242955,0.096045197740113,0.0056497175141242955,0.0056497175141242955,0.0056497175141242955,0.0056497175141242955,0.0056497175141242955,0.0056497175141242955,0.0056497175141242955,0.7966101694915254
207,CATNODE,3,0.005882352941176469,0.005882352941176469,0.005882352941176469,0.005882352941176469,0.05294117647058823,0.005882352941176469,0.005882352941176469,0.005882352941176469,0.05294117647058823,0.005882352941176469,0.005882352941176469,0.8058823529411764,0.005882352941176469,0.02941176470588235
274,CATNODE,2,0.005813953488372095,0.029069767441860465,0.05232558139534884,0.12209302325581393,0.005813953488372095,0.0755813953488372,0.005813953488372095,0.5174418604651163,0.05232558139534884,0.005813953488372095,0.005813953488372095,0.05232558139534884,0.005813953488372095,0.005813953488372095,0.05232558139534884,0.005813953488372095
275,CATNODE,4,0.10559006211180123,0.006211180124223602,0.006211180124223602,0.8757763975155279,0.006211180124223602
474,PRD
1,CATNODE,0,0.08585858585858583,0.8737373737373737,0.005050505050505051,0.005050505050505051,0.005050505050505051,0.005050505050505051,0.005050505050505051,0.005050505050505051,0.005050505050505051,0.005050505050505051
74,CATNODE,1,0.06372549019607843,0.24019607843137258,0.06372549019607843,0.04411764705882353,0.04411764705882353,0.06372549019607843,0.004901960784313727,0.004901960784313727,0.06372549019607843,0.08333333333333333,0.06372549019607843,0.06372549019607843,0.06372549019607843,0.024509803921568627,0.08333333333333333,0.024509803921568627
141,CATNODE,4,0.5647668393782385,0.02590673575129534,0.15025906735751296,0.005181347150259067,0.25388601036269437
208,CATNODE,3,0.004950495049504949,0.004950495049504949,0.004950495049504949,0.004950495049504949,0.004950495049504949,0.004950495049504949,0.004950495049504949,0.7178217821782178,0.12376237623762376,0.004950495049504949,0.06435643564356436,0.044554455445544545,0.004950495049504949,0.004950495049504949
276,CATNODE,2,0.06372549019607843,0.8284313725490196,0.004901960784313727,0.004901960784313727,0.004901960784313727,0.04411764705882353,0.004901960784313727,0.004901960784313727,0.004901960784313727,0.004901960784313727,0.004901960784313727,0.004901960784313727,0.004901960784313727,0.004901960784313727,0.004901960784313727,0.004901960784313727
277,CATNODE,5,0.004784688995215312,0.023923444976076548,0.7320574162679425,0.1004784688995215,0.004784688995215312,0.004784688995215312,0.004784688995215312,0.004784688995215312,0.004784688995215312,0.004784688995215312,0.004784688995215312,0.004784688995215312,0.004784688995215312,0.004784688995215312,0.04306220095693779,0.004784688995215312,0.004784688995215312,0.004784688995215312,0.023923444976076548,0.004784688995215312,0.004784688995215312
473,PRD
2,CATNODE,3,0.0072463768115942,0.0072463768115942,0.8478260869565216,0.0072463768115942,0.0072463768115942,0.0072463768115942,0.0072463768115942,0.0072463768115942,0.0072463768115942,0.06521739130434781,0.0072463768115942,0.0072463768115942,0.0072463768115942,0.0072463768115942
75,CATNODE,1,0.007142857142857146,0.007142857142857146,0.03571428571428572,0.0642857142857143,0.007142857142857146,0.007142857142857146,0.09285714285714286,0.12142857142857144,0.007142857142857146,0.20714285714285716,0.09285714285714286,0.007142857142857146,0.0642857142857143,0.09285714285714286,0.15000000000000002,0.03571428571428572
142,CATNODE,0,0.007462686567164181,0.007462686567164181,0.03731343283582089,0.1865671641791045,0.007462686567164181,0.7238805970149252,0.007462686567164181,0.007462686567164181,0.007462686567164181,0.007462686567164181
209,CATNODE,5,0.006896551724137933,0.006896551724137933,0.006896551724137933,0.006896551724137933,0.006896551724137933,0.006896551724137933,0.006896551724137933,0.006896551724137933,0.006896551724137933,0.006896551724137933,0.696551724137931,0.006896551724137933,0.006896551724137933,0.006896551724137933,0.006896551724137933,0.006896551724137933,0.006896551724137933,0.1724137931034483,0.006896551724137933,0.006896551724137933,0.006896551724137933
278,CATNODE,2,0.007142857142857146,0.007142857142857146,0.007142857142857146,0.007142857142857146,0.007142857142857146,0.007142857142857146,0.007142857142857146,0.007142857142857146,0.007142857142857146,0.007142857142857146,0.03571428571428572,0.007142857142857146,0.007142857142857146,0.007142857142857146,0.8642857142857145,0.007142857142857146
279,CATNODE,4,0.7829457364341085,0.1317829457364341,0.007751937984496126,0.007751937984496126,0.06976744186046512
472,PRD
3,CATNODE,3,0.03246753246753246,0.2922077922077922,0.13636363636363635,0.006493506493506491,0.006493506493506491,0.26623376623376616,0.006493506493506491,0.006493506493506491,0.03246753246753246,0.006493506493506491,0.006493506493506491,0.006493506493506491,0.03246753246753246,0.1623376623376623
76,CATNODE,0,0.006666666666666668,0.006666666666666668,0.006666666666666668,0.16666666666666669,0.006666666666666668,0.4066666666666666,0.03333333333333333,0.006666666666666668,0.30000000000000004,0.06
143,CATNODE,2,0.4935897435897437,0.00641025641025641,0.032051282051282055,0.00641025641025641,0.00641025641025641,0.00641025641025641,0.00641025641025641,0.33974358974358976,0.00641025641025641,0.032051282051282055,0.00641025641025641,0.00641025641025641,0.00641025641025641,0.00641025641025641,0.00641025641025641,0.032051282051282055
210,CATNODE,1,0.6987179487179488,0.00641025641025641,0.032051282051282055,0.00641025641025641,0.00641025641025641,0.00641025641025641,0.0576923076923077,0.08333333333333337,0.00641025641025641,0.032051282051282055,0.00641025641025641,0.00641025641025641,0.00641025641025641,0.00641025641025641,0.00641025641025641,0.032051282051282055
280,CATNODE,4,0.006896551724137933,0.06206896551724138,0.917241379310345,0.006896551724137933,0.006896551724137933
281,CATNODE,5,0.006211180124223602,0.006211180124223602,0.006211180124223602,0.006211180124223602,0.006211180124223602,0.8509316770186336,0.006211180124223602,0.006211180124223602,0.006211180124223602,0.006211180124223602,0.006211180124223602,0.006211180124223602,0.031055900621118012,0.006211180124223602,0.006211180124223602,0.006211180124223602,0.006211180124223602,0.006211180124223602,0.006211180124223602,0.006211180124223602,0.006211180124223602
471,PRD
4,CATNODE,4,0.14410480349344973,0.004366812227074235,0.8253275109170305,0.004366812227074235,0.021834061135371174
77,CATNODE,5,0.004081632653061223,0.004081632653061223,0.004081632653061223,0.004081632653061223,0.004081632653061223,0.004081632653061223,0.004081632653061223,0.004081632653061223,0.13469387755102036,0.3795918367346938,0.004081632653061223,0.004081632653061223,0.004081632653061223,0.004081632653061223,0.004081632653061223,0.004081632653061223,0.004081632653061223,0.004081632653061223,0.004081632653061223,0.41224489795918356,0.004081632653061223
144,CATNODE,3,0.0042016806722689065,0.0042016806722689065,0.021008403361344533,0.0042016806722689065,0.037815126050420166,0.0042016806722689065,0.0042016806722689065,0.7773109243697477,0.037815126050420166,0.054621848739495805,0.0042016806722689065,0.037815126050420166,0.0042016806722689065,0.0042016806722689065
211,CATNODE,2,0.0041666666666666675,0.07083333333333335,0.0041666666666666675,0.054166666666666696,0.0041666666666666675,0.07083333333333335,0.0041666666666666675,0.1041666666666667,0.0041666666666666675,0.03750000000000001,0.0041666666666666675,0.0041666666666666675,0.37083333333333346,0.07083333333333335,0.18750000000000008,0.0041666666666666675
282,CATNODE,1,0.4375000000000001,0.0041666666666666675,0.33750000000000013,0.0041666666666666675,0.0041666666666666675,0.12083333333333336,0.0041666666666666675,0.0041666666666666675,0.0041666666666666675,0.0041666666666666675,0.0041666666666666675,0.0041666666666666675,0.0041666666666666675,0.0041666666666666675,0.02083333333333334,0.03750000000000001
283,CATNODE,0,0.8589743589743587,0.08974358974358976,0.004273504273504272,0.021367521367521364,0.004273504273504272,0.004273504273504272,0.004273504273504272,0.004273504273504272,0.004273504273504272,0.004273504273504272
470,PRD
5,CATNODE,2,0.007575757575757578,0.007575757575757578,0.06818181818181818,0.03787878787878788,0.06818181818181818,0.09848484848484847,0.007575757575757578,0.09848484848484847,0.03787878787878788,0.007575757575757578,0.03787878787878788,0.007575757575757578,0.09848484848484847,0.12878787878787878,0.2196969696969697,0.06818181818181818
78,CATNODE,5,0.0072992700729927,0.0072992700729927,0.0072992700729927,0.0072992700729927,0.0072992700729927,0.0072992700729927,0.0072992700729927,0.0072992700729927,0.0072992700729927,0.0072992700729927,0.0072992700729927,0.854014598540146,0.0072992700729927,0.0072992700729927,0.0072992700729927,0.0072992700729927,0.0072992700729927,0.0072992700729927,0.0072992700729927,0.0072992700729927,0.0072992700729927
145,CATNODE,1,0.09848484848484847,0.007575757575757578,0.18939393939393942,0.007575757575757578,0.007575757575757578,0.03787878787878788,0.03787878787878788,0.34090909090909094,0.03787878787878788,0.007575757575757578,0.06818181818181818,0.007575757575757578,0.06818181818181818,0.06818181818181818,0.007575757575757578,0.007575757575757578
212,CATNODE,3,0.0076923076923076945,0.0076923076923076945,0.0076923076923076945,0.0076923076923076945,0.8076923076923076,0.0076923076923076945,0.0076923076923076945,0.09999999999999998,0.0076923076923076945,0.0076923076923076945,0.0076923076923076945,0.0076923076923076945,0.0076923076923076945,0.0076923076923076945
284,CATNODE,0,0.007936507936507936,0.007936507936507936,0.007936507936507936,0.007936507936507936,0.007936507936507936,0.007936507936507936,0.9285714285714287,0.007936507936507936,0.007936507936507936,0.007936507936507936
285,CATNODE,4,0.23966942148760328,0.5041322314049586,0.14049586776859502,0.10743801652892564,0.008264462809917354
469,PRD
6,CATNODE,4,0.18796992481203004,0.0977443609022556,0.6390977443609022,0.06766917293233081,0.0075187969924812035
79,CATNODE,2,0.006944444444444444,0.006944444444444444,0.006944444444444444,0.0625,0.034722222222222224,0.034722222222222224,0.006944444444444444,0.22916666666666666,0.006944444444444444,0.006944444444444444,0.006944444444444444,0.006944444444444444,0.006944444444444444,0.006944444444444444,0.5625000000000001,0.006944444444444444
146,CATNODE,1,0.006944444444444444,0.006944444444444444,0.006944444444444444,0.006944444444444444,0.006944444444444444,0.006944444444444444,0.006944444444444444,0.0902777777777778,0.006944444444444444,0.006944444444444444,0.006944444444444444,0.11805555555555555,0.006944444444444444,0.034722222222222224,0.673611111111111,0.006944444444444444
213,CATNODE,0,0.0072463768115942,0.0072463768115942,0.29710144927536225,0.09420289855072464,0.0072463768115942,0.12318840579710141,0.06521739130434781,0.036231884057971,0.06521739130434781,0.29710144927536225
286,CATNODE,5,0.006711409395973154,0.006711409395973154,0.006711409395973154,0.006711409395973154,0.006711409395973154,0.006711409395973154,0.006711409395973154,0.006711409395973154,0.006711409395973154,0.006711409395973154,0.006711409395973154,0.006711409395973154,0.006711409395973154,0.0604026845637584,0.006711409395973154,0.006711409395973154,0.8120805369127518,0.006711409395973154,0.006711409395973154,0.006711409395973154,0.006711409395973154
287,CATNODE,3,0.09154929577464792,0.2887323943661972,0.00704225352112676,0.00704225352112676,0.00704225352112676,0.5140845070422536,0.00704225352112676,0.00704225352112676,0.00704225352112676,0.00704225352112676,0.00704225352112676,0.00704225352112676,0.00704225352112676,0.035211267605633804
468,PRD
7,CATNODE,5,0.006896551724137933,0.06206896551724138,0.006896551724137933,0.6689655172413791,0.11724137931034481,0.006896551724137933,0.006896551724137933,0.006896551724137933,0.006896551724137933,0.006896551724137933,0.03448275862068965,0.006896551724137933,0.006896551724137933,0.006896551724137933,0.006896551724137933,0.006896551724137933,0.006896551724137933,0.006896551724137933,0.006896551724137933,0.006896551724137933,0.006896551724137933
80,CATNODE,1,0.007142857142857146,0.0642857142857143,0.09285714285714286,0.0642857142857143,0.12142857142857144,0.0642857142857143,0.09285714285714286,0.20714285714285716,0.007142857142857146,0.03571428571428572,0.03571428571428572,0.007142857142857146,0.0642857142857143,0.0642857142857143,0.007142857142857146,0.0642857142857143
147,CATNODE,0,0.12686567164179102,0.7835820895522387,0.007462686567164181,0.007462686567164181,0.007462686567164181,0.007462686567164181,0.007462686567164181,0.03731343283582089,0.007462686567164181,0.007462686567164181
214,CATNODE,4,0.3798449612403101,0.19379844961240308,0.10077519379844958,0.007751937984496126,0.31782945736434104
288,CATNODE,2,0.007142857142857146,0.007142857142857146,0.007142857142857146,0.2642857142857144,0.007142857142857146,0.007142857142857146,0.09285714285714286,0.007142857142857146,0.09285714285714286,0.007142857142857146,0.007142857142857146,0.007142857142857146,0.007142857142857146,0.0642857142857143,0.4071428571428572,0.007142857142857146
289,CATNODE,3,0.0072463768115942,0.0072463768115942,0.0072463768115942,0.0072463768115942,0.036231884057971,0.0072463768115942,0.0072463768115942,0.789855072463768,0.0072463768115942,0.06521739130434781,0.036231884057971,0.0072463768115942,0.0072463768115942,0.0072463768115942
467,PRD
8,CATNODE,5,0.012987012987012983,0.012987012987012983,0.012987012987012983,0.012987012987012983,0.012987012987012983,0.012987012987012983,0.012987012987012983,0.48051948051948057,0.012987012987012983,0.012987012987012983,0.012987012987012983,0.012987012987012983,0.012987012987012983,0.012987012987012983,0.11688311688311687,0.012987012987012983,0.012987012987012983,0.012987012987012983,0.012987012987012983,0.012987012987012983,0.16883116883116883
81,CATNODE,4,0.016393442622950817,0.016393442622950817,0.016393442622950817,0.4754098360655738,0.4754098360655738
148,CATNODE,3,0.01428571428571428,0.01428571428571428,0.01428571428571428,0.01428571428571428,0.01428571428571428,0.01428571428571428,0.01428571428571428,0.01428571428571428,0.4142857142857142,0.3,0.01428571428571428,0.12857142857142856,0.01428571428571428,0.01428571428571428
215,CATNODE,1,0.013888888888888888,0.06944444444444445,0.1805555555555556,0.013888888888888888,0.013888888888888888,0.06944444444444445,0.013888888888888888,0.013888888888888888,0.06944444444444445,0.06944444444444445,0.12500000000000003,0.06944444444444445,0.06944444444444445,0.013888888888888888,0.06944444444444445,0.12500000000000003
290,CATNODE,2,0.013888888888888888,0.013888888888888888,0.013888888888888888,0.12500000000000003,0.1805555555555556,0.013888888888888888,0.06944444444444445,0.12500000000000003,0.013888888888888888,0.23611111111111113,0.12500000000000003,0.013888888888888888,0.013888888888888888,0.013888888888888888,0.013888888888888888,0.013888888888888888
291,CATNODE,0,0.8030303030303031,0.015151515151515157,0.015151515151515157,0.015151515151515157,0.015151515151515157,0.07575757575757576,0.015151515151515157,0.015151515151515157,0.015151515151515157,0.015151515151515157
466,PRD
9,CATNODE,3,0.03846153846153846,0.746153846153846,0.03846153846153846,0.0076923076923076945,0.0076923076923076945,0.06923076923076923,0.0076923076923076945,0.0076923076923076945,0.0076923076923076945,0.0076923076923076945,0.0076923076923076945,0.0076923076923076945,0.0076923076923076945,0.03846153846153846
82,CATNODE,4,0.4710743801652892,0.2066115702479339,0.10743801652892564,0.07438016528925619,0.14049586776859502
149,CATNODE,5,0.0072992700729927,0.0072992700729927,0.0072992700729927,0.0072992700729927,0.0072992700729927,0.0072992700729927,0.0072992700729927,0.0072992700729927,0.0072992700729927,0.0072992700729927,0.0072992700729927,0.0072992700729927,0.0072992700729927,0.854014598540146,0.0072992700729927,0.0072992700729927,0.0072992700729927,0.0072992700729927,0.0072992700729927,0.0072992700729927,0.0072992700729927
216,CATNODE,0,0.007936507936507936,0.007936507936507936,0.007936507936507936,0.388888888888889,0.007936507936507936,0.13492063492063494,0.03968253968253969,0.007936507936507936,0.388888888888889,0.007936507936507936
292,CATNODE,1,0.06818181818181818,0.007575757575757578,0.1590909090909091,0.03787878787878788,0.007575757575757578,0.24999999999999994,0.007575757575757578,0.09848484848484847,0.06818181818181818,0.09848484848484847,0.007575757575757578,0.03787878787878788,0.03787878787878788,0.03787878787878788,0.007575757575757578,0.06818181818181818
293,CATNODE,2,0.007575757575757578,0.007575757575757578,0.007575757575757578,0.007575757575757578,0.007575757575757578,0.007575757575757578,0.007575757575757578,0.7954545454545454,0.007575757575757578,0.007575757575757578,0.007575757575757578,0.007575757575757578,0.007575757575757578,0.007575757575757578,0.09848484848484847,0.007575757575757578
465,PRD
10,CATNODE,4,0.1232876712328767,0.0684931506849315,0.013698630136986304,0.4520547945205478,0.3424657534246575
83,CATNODE,1,0.011904761904761908,0.011904761904761908,0.011904761904761908,0.3928571428571428,0.011904761904761908,0.011904761904761908,0.011904761904761908,0.011904761904761908,0.011904761904761908,0.011904761904761908,0.34523809523809523,0.05952380952380952,0.011904761904761908,0.05952380952380952,0.011904761904761908,0.011904761904761908
150,CATNODE,2,0.011904761904761908,0.011904761904761908,0.4404761904761905,0.05952380952380952,0.05952380952380952,0.05952380952380952,0.011904761904761908,0.25,0.011904761904761908,0.011904761904761908,0.011904761904761908,0.011904761904761908,0.011904761904761908,0.011904761904761908,0.011904761904761908,0.011904761904761908
217,CATNODE,5,0.011235955056179777,0.011235955056179777,0.011235955056179777,0.011235955056179777,0.05617977528089887,0.011235955056179777,0.011235955056179777,0.011235955056179777,0.14606741573033707,0.011235955056179777,0.011235955056179777,0.011235955056179777,0.011235955056179777,0.011235955056179777,0.5056179775280899,0.011235955056179777,0.011235955056179777,0.011235955056179777,0.10112359550561797,0.011235955056179777,0.011235955056179777
294,CATNODE,0,0.1153846153846154,0.7820512820512822,0.012820512820512822,0.012820512820512822,0.012820512820512822,0.012820512820512822,0.012820512820512822,0.012820512820512822,0.012820512820512822,0.012820512820512822
295,CATNODE,3,0.01219512195121951,0.01219512195121951,0.01219512195121951,0.01219512195121951,0.01219512195121951,0.01219512195121951,0.01219512195121951,0.3048780487804878,0.20731707317073167,0.01219512195121951,0.01219512195121951,0.01219512195121951,0.3048780487804878,0.06097560975609755
464,PRD
11,CATNODE,4,0.1627906976744186,0.007751937984496126,0.7829457364341085,0.007751937984496126,0.03875968992248061
84,CATNODE,5,0.006896551724137933,0.006896551724137933,0.006896551724137933,0.006896551724137933,0.006896551724137933,0.006896551724137933,0.006896551724137933,0.006896551724137933,0.006896551724137933,0.006896551724137933,0.006896551724137933,0.006896551724137933,0.006896551724137933,0.006896551724137933,0.006896551724137933,0.006896551724137933,0.006896551724137933,0.8620689655172415,0.006896551724137933,0.006896551724137933,0.006896551724137933
151,CATNODE,0,0.007462686567164181,0.007462686567164181,0.06716417910447761,0.8432835820895522,0.007462686567164181,0.007462686567164181,0.007462686567164181,0.007462686567164181,0.03731343283582089,0.007462686567164181
218,CATNODE,2,0.007142857142857146,0.007142857142857146,0.007142857142857146,0.007142857142857146,0.007142857142857146,0.09285714285714286,0.007142857142857146,0.007142857142857146,0.007142857142857146,0.007142857142857146,0.007142857142857146,0.007142857142857146,0.007142857142857146,0.007142857142857146,0.8071428571428574,0.007142857142857146
296,CATNODE,3,0.036231884057971,0.036231884057971,0.41304347826086946,0.0072463768115942,0.0072463768115942,0.0072463768115942,0.0072463768115942,0.0072463768115942,0.06521739130434781,0.2681159420289855,0.036231884057971,0.06521739130434781,0.036231884057971,0.0072463768115942
297,CATNODE,1,0.007142857142857146,0.007142857142857146,0.007142857142857146,0.007142857142857146,0.007142857142857146,0.6357142857142859,0.03571428571428572,0.007142857142857146,0.007142857142857146,0.007142857142857146,0.007142857142857146,0.09285714285714286,0.007142857142857146,0.007142857142857146,0.15000000000000002,0.007142857142857146
463,PRD
12,CATNODE,5,0.0054054054054054074,0.0054054054054054074,0.0054054054054054074,0.02702702702702703,0.0054054054054054074,0.0054054054054054074,0.0054054054054054074,0.0054054054054054074,0.0054054054054054074,0.02702702702702703,0.0054054054054054074,0.0054054054054054074,0.0054054054054054074,0.0054054054054054074,0.0054054054054054074,0.7405405405405406,0.0054054054054054074,0.0054054054054054074,0.1135135135135135,0.0054054054054054074,0.0054054054054054074
85,CATNODE,1,0.005555555555555555,0.05000000000000001,0.005555555555555555,0.05000000000000001,0.07222222222222226,0.05000000000000001,0.13888888888888892,0.13888888888888892,0.05000000000000001,0.16111111111111112,0.005555555555555555,0.05000000000000001,0.02777777777777778,0.02777777777777778,0.07222222222222226,0.09444444444444444
152,CATNODE,3,0.005617977528089888,0.005617977528089888,0.005617977528089888,0.005617977528089888,0.005617977528089888,0.005617977528089888,0.005617977528089888,0.8820224719101122,0.005617977528089888,0.005617977528089888,0.005617977528089888,0.05056179775280898,0.005617977528089888,0.005617977528089888
219,CATNODE,0,0.557471264367816,0.235632183908046,0.005747126436781609,0.16666666666666669,0.005747126436781609,0.005747126436781609,0.005747126436781609,0.005747126436781609,0.005747126436781609,0.005747126436781609
298,CATNODE,4,0.5266272189349114,0.10059171597633138,0.005917159763313609,0.005917159763313609,0.3609467455621302
299,CATNODE,2,0.005555555555555555,0.005555555555555555,0.05000000000000001,0.05000000000000001,0.005555555555555555,0.005555555555555555,0.005555555555555555,0.005555555555555555,0.005555555555555555,0.3388888888888889,0.005555555555555555,0.005555555555555555,0.09444444444444444,0.005555555555555555,0.005555555555555555,0.40555555555555567
462,PRD
13,CATNODE,5,0.010309278350515464,0.010309278350515464,0.010309278350515464,0.010309278350515464,0.09278350515463919,0.010309278350515464,0.010309278350515464,0.3402061855670103,0.3814432989690723,0.010309278350515464,0.010309278350515464,0.010309278350515464,0.010309278350515464,0.010309278350515464,0.010309278350515464,0.010309278350515464,0.010309278350515464,0.010309278350515464,0.010309278350515464,0.010309278350515464,0.010309278350515464
86,CATNODE,1,0.010869565217391302,0.010869565217391302,0.09782608695652174,0.010869565217391302,0.18478260869565216,0.010869565217391302,0.010869565217391302,0.5760869565217391,0.010869565217391302,0.010869565217391302,0.010869565217391302,0.010869565217391302,0.010869565217391302,0.010869565217391302,0.010869565217391302,0.010869565217391302
153,CATNODE,3,0.011111111111111112,0.011111111111111112,0.011111111111111112,0.055555555555555566,0.055555555555555566,0.011111111111111112,0.011111111111111112,0.1888888888888889,0.1444444444444445,0.011111111111111112,0.10000000000000002,0.3666666666666667,0.011111111111111112,0.011111111111111112
220,CATNODE,4,0.012345679012345675,0.8518518518518517,0.012345679012345675,0.11111111111111109,0.012345679012345675
300,CATNODE,0,0.616279069767442,0.011627906976744191,0.011627906976744191,0.19767441860465118,0.011627906976744191,0.1046511627906977,0.011627906976744191,0.011627906976744191,0.011627906976744191,0.011627906976744191
301,CATNODE,2,0.05434782608695652,0.010869565217391302,0.05434782608695652,0.18478260869565216,0.010869565217391302,0.09782608695652174,0.010869565217391302,0.2282608695652174,0.010869565217391302,0.09782608695652174,0.010869565217391302,0.010869565217391302,0.05434782608695652,0.14130434782608697,0.010869565217391302,0.010869565217391302
461,PRD
14,CATNODE,4,0.21311475409836067,0.016393442622950817,0.6721311475409837,0.0819672131147541,0.016393442622950817
87,CATNODE,1,0.013888888888888888,0.013888888888888888,0.013888888888888888,0.013888888888888888,0.013888888888888888,0.6805555555555558,0.013888888888888888,0.013888888888888888,0.013888888888888888,0.013888888888888888,0.013888888888888888,0.013888888888888888,0.013888888888888888,0.06944444444444445,0.06944444444444445,0.013888888888888888
154,CATNODE,0,0.31818181818181823,0.015151515151515157,0.015151515151515157,0.015151515151515157,0.015151515151515157,0.5606060606060608,0.015151515151515157,0.015151515151515157,0.015151515151515157,0.015151515151515157
221,CATNODE,2,0.013888888888888888,0.013888888888888888,0.013888888888888888,0.06944444444444445,0.013888888888888888,0.1805555555555556,0.013888888888888888,0.12500000000000003,0.013888888888888888,0.013888888888888888,0.013888888888888888,0.013888888888888888,0.013888888888888888,0.06944444444444445,0.40277777777777785,0.013888888888888888
302,CATNODE,5,0.012987012987012983,0.012987012987012983,0.012987012987012983,0.012987012987012983,0.012987012987012983,0.012987012987012983,0.012987012987012983,0.012987012987012983,0.012987012987012983,0.012987012987012983,0.5324675324675324,0.012987012987012983,0.06493506493506493,0.16883116883116883,0.012987012987012983,0.012987012987012983,0.012987012987012983,0.012987012987012983,0.012987012987012983,0.012987012987012983,0.012987012987012983
303,CATNODE,3,0.01428571428571428,0.07142857142857141,0.3,0.01428571428571428,0.01428571428571428,0.01428571428571428,0.01428571428571428,0.01428571428571428,0.12857142857142856,0.12857142857142856,0.01428571428571428,0.07142857142857141,0.01428571428571428,0.1857142857142857
460,PRD
15,CATNODE,5,0.00529100529100529,0.00529100529100529,0.00529100529100529,0.00529100529100529,0.00529100529100529,0.00529100529100529,0.8730158730158729,0.00529100529100529,0.00529100529100529,0.00529100529100529,0.00529100529100529,0.026455026455026454,0.00529100529100529,0.00529100529100529,0.00529100529100529,0.00529100529100529,0.00529100529100529,0.00529100529100529,0.00529100529100529,0.00529100529100529,0.00529100529100529
88,CATNODE,0,0.34269662921348304,0.005617977528089888,0.38764044943820225,0.1629213483146067,0.005617977528089888,0.005617977528089888,0.07303370786516851,0.005617977528089888,0.005617977528089888,0.005617977528089888
155,CATNODE,2,0.005434782608695651,0.005434782608695651,0.005434782608695651,0.20108695652173916,0.005434782608695651,0.048913043478260865,0.005434782608695651,0.11413043478260872,0.005434782608695651,0.005434782608695651,0.005434782608695651,0.005434782608695651,0.005434782608695651,0.005434782608695651,0.5706521739130435,0.005434782608695651
222,CATNODE,1,0.027173913043478257,0.07065217391304349,0.266304347826087,0.09239130434782607,0.048913043478260865,0.07065217391304349,0.07065217391304349,0.048913043478260865,0.07065217391304349,0.11413043478260872,0.005434782608695651,0.005434782608695651,0.005434782608695651,0.048913043478260865,0.027173913043478257,0.027173913043478257
304,CATNODE,3,0.005494505494505496,0.005494505494505496,0.02747252747252747,0.005494505494505496,0.0934065934065934,0.005494505494505496,0.005494505494505496,0.4450549450549451,0.005494505494505496,0.005494505494505496,0.04945054945054945,0.33516483516483514,0.005494505494505496,0.005494505494505496
305,CATNODE,4,0.028901734104046235,0.0057803468208092465,0.0057803468208092465,0.514450867052023,0.4450867052023121
459,PRD
16,CATNODE,3,0.06097560975609755,0.01219512195121951,0.01219512195121951,0.01219512195121951,0.20731707317073167,0.01219512195121951,0.01219512195121951,0.5487804878048781,0.01219512195121951,0.01219512195121951,0.01219512195121951,0.06097560975609755,0.01219512195121951,0.01219512195121951
89,CATNODE,4,0.6712328767123288,0.013698630136986304,0.2876712328767123,0.013698630136986304,0.013698630136986304
156,CATNODE,2,0.6785714285714285,0.011904761904761908,0.10714285714285714,0.011904761904761908,0.011904761904761908,0.05952380952380952,0.011904761904761908,0.011904761904761908,0.011904761904761908,0.011904761904761908,0.011904761904761908,0.011904761904761908,0.011904761904761908,0.011904761904761908,0.011904761904761908,0.011904761904761908
223,CATNODE,5,0.011235955056179777,0.595505617977528,0.011235955056179777,0.011235955056179777,0.011235955056179777,0.011235955056179777,0.10112359550561797,0.011235955056179777,0.011235955056179777,0.011235955056179777,0.011235955056179777,0.011235955056179777,0.05617977528089887,0.011235955056179777,0.05617977528089887,0.011235955056179777,0.011235955056179777,0.011235955056179777,0.011235955056179777,0.011235955056179777,0.011235955056179777
306,CATNODE,1,0.011904761904761908,0.10714285714285714,0.15476190476190477,0.05952380952380952,0.011904761904761908,0.011904761904761908,0.011904761904761908,0.15476190476190477,0.011904761904761908,0.011904761904761908,0.011904761904761908,0.011904761904761908,0.05952380952380952,0.25,0.10714285714285714,0.011904761904761908
307,CATNODE,0,0.3205128205128206,0.5769230769230771,0.012820512820512822,0.012820512820512822,0.012820512820512822,0.012820512820512822,0.012820512820512822,0.012820512820512822,0.012820512820512822,0.012820512820512822
458,PRD
17,CATNODE,3,0.021739130434782608,0.021739130434782608,0.021739130434782608,0.021739130434782608,0.021739130434782608,0.021739130434782608,0.021739130434782608,0.10869565217391305,0.021739130434782608,0.3695652173913044,0.10869565217391305,0.1956521739130435,0.021739130434782608,0.021739130434782608
90,CATNODE,0,0.5000000000000001,0.2142857142857143,0.02380952380952382,0.02380952380952382,0.02380952380952382,0.02380952380952382,0.02380952380952382,0.11904761904761905,0.02380952380952382,0.02380952380952382
157,CATNODE,4,0.027027027027027018,0.7837837837837835,0.027027027027027018,0.027027027027027018,0.13513513513513511
224,CATNODE,1,0.02083333333333334,0.10416666666666666,0.02083333333333334,0.02083333333333334,0.02083333333333334,0.02083333333333334,0.02083333333333334,0.6041666666666666,0.02083333333333334,0.02083333333333334,0.02083333333333334,0.02083333333333334,0.02083333333333334,0.02083333333333334,0.02083333333333334,0.02083333333333334
308,CATNODE,2,0.02083333333333334,0.02083333333333334,0.02083333333333334,0.02083333333333334,0.02083333333333334,0.10416666666666666,0.02083333333333334,0.4375,0.02083333333333334,0.02083333333333334,0.02083333333333334,0.02083333333333334,0.02083333333333334,0.02083333333333334,0.1875,0.02083333333333334
309,CATNODE,5,0.018867924528301893,0.169811320754717,0.018867924528301893,0.018867924528301893,0.018867924528301893,0.018867924528301893,0.018867924528301893,0.018867924528301893,0.018867924528301893,0.018867924528301893,0.018867924528301893,0.018867924528301893,0.018867924528301893,0.018867924528301893,0.018867924528301893,0.018867924528301893,0.018867924528301893,0.018867924528301893,0.018867924528301893,0.09433962264150943,0.39622641509433965
457,PRD
18,CATNODE,3,0.019999999999999993,0.019999999999999993,0.019999999999999993,0.019999999999999993,0.49999999999999994,0.019999999999999993,0.019999999999999993,0.019999999999999993,0.019999999999999993,0.17999999999999997,0.09999999999999998,0.019999999999999993,0.019999999999999993,0.019999999999999993
91,CATNODE,4,0.4146341463414634,0.024390243902439022,0.024390243902439022,0.4146341463414634,0.12195121951219512
158,CATNODE,1,0.09615384615384615,0.09615384615384615,0.019230769230769235,0.17307692307692307,0.019230769230769235,0.40384615384615385,0.019230769230769235,0.019230769230769235,0.019230769230769235,0.019230769230769235,0.019230769230769235,0.019230769230769235,0.019230769230769235,0.019230769230769235,0.019230769230769235,0.019230769230769235
225,CATNODE,0,0.5434782608695653,0.021739130434782608,0.021739130434782608,0.1956521739130435,0.021739130434782608,0.10869565217391305,0.021739130434782608,0.021739130434782608,0.021739130434782608,0.021739130434782608
310,CATNODE,5,0.017543859649122806,0.017543859649122806,0.017543859649122806,0.017543859649122806,0.017543859649122806,0.017543859649122806,0.017543859649122806,0.017543859649122806,0.017543859649122806,0.017543859649122806,0.017543859649122806,0.017543859649122806,0.43859649122807026,0.08771929824561403,0.017543859649122806,0.15789473684210528,0.017543859649122806,0.017543859649122806,0.017543859649122806,0.017543859649122806,0.017543859649122806
311,CATNODE,2,0.019230769230769235,0.019230769230769235,0.019230769230769235,0.09615384615384615,0.019230769230769235,0.019230769230769235,0.019230769230769235,0.019230769230769235,0.019230769230769235,0.019230769230769235,0.019230769230769235,0.019230769230769235,0.019230769230769235,0.5576923076923077,0.019230769230769235,0.09615384615384615
456,PRD
19,CATNODE,5,0.008264462809917354,0.008264462809917354,0.008264462809917354,0.07438016528925619,0.008264462809917354,0.008264462809917354,0.008264462809917354,0.008264462809917354,0.43801652892561976,0.008264462809917354,0.008264462809917354,0.008264462809917354,0.008264462809917354,0.008264462809917354,0.008264462809917354,0.008264462809917354,0.008264462809917354,0.008264462809917354,0.33884297520661155,0.008264462809917354,0.008264462809917354
92,CATNODE,3,0.043859649122807015,0.008771929824561401,0.008771929824561401,0.008771929824561401,0.008771929824561401,0.008771929824561401,0.008771929824561401,0.7807017543859649,0.008771929824561401,0.07894736842105263,0.008771929824561401,0.008771929824561401,0.008771929824561401,0.008771929824561401
159,CATNODE,1,0.008620689655172415,0.008620689655172415,0.008620689655172415,0.146551724137931,0.008620689655172415,0.146551724137931,0.008620689655172415,0.008620689655172415,0.24999999999999994,0.008620689655172415,0.043103448275862065,0.008620689655172415,0.07758620689655171,0.043103448275862065,0.008620689655172415,0.21551724137931033
226,CATNODE,0,0.9181818181818181,0.009090909090909087,0.009090909090909087,0.009090909090909087,0.009090909090909087,0.009090909090909087,0.009090909090909087,0.009090909090909087,0.009090909090909087,0.009090909090909087
312,CATNODE,4,0.5047619047619047,0.009523809523809526,0.009523809523809526,0.12380952380952379,0.35238095238095246
313,CATNODE,2,0.008620689655172415,0.11206896551724135,0.008620689655172415,0.008620689655172415,0.008620689655172415,0.1810344827586207,0.008620689655172415,0.008620689655172415,0.008620689655172415,0.07758620689655171,0.008620689655172415,0.07758620689655171,0.008620689655172415,0.1810344827586207,0.146551724137931,0.146551724137931
455,PRD
20,CATNODE,3,0.019999999999999993,0.019999999999999993,0.019999999999999993,0.17999999999999997,0.019999999999999993,0.019999999999999993,0.019999999999999993,0.25999999999999995,0.019999999999999993,0.019999999999999993,0.17999999999999997,0.019999999999999993,0.17999999999999997,0.019999999999999993
93,CATNODE,4,0.024390243902439022,0.024390243902439022,0.024390243902439022,0.024390243902439022,0.902439024390244
160,CATNODE,2,0.09615384615384615,0.019230769230769235,0.019230769230769235,0.019230769230769235,0.019230769230769235,0.019230769230769235,0.019230769230769235,0.25,0.25,0.019230769230769235,0.019230769230769235,0.019230769230769235,0.17307692307692307,0.019230769230769235,0.019230769230769235,0.019230769230769235
227,CATNODE,0,0.28260869565217395,0.45652173913043487,0.021739130434782608,0.021739130434782608,0.021739130434782608,0.021739130434782608,0.021739130434782608,0.021739130434782608,0.10869565217391305,0.021739130434782608
314,CATNODE,5,0.08771929824561403,0.017543859649122806,0.017543859649122806,0.017543859649122806,0.15789473684210528,0.017543859649122806,0.017543859649122806,0.017543859649122806,0.017543859649122806,0.017543859649122806,0.017543859649122806,0.08771929824561403,0.017543859649122806,0.017543859649122806,0.368421052631579,0.017543859649122806,0.017543859649122806,0.017543859649122806,0.017543859649122806,0.017543859649122806,0.017543859649122806
315,CATNODE,1,0.09615384615384615,0.019230769230769235,0.019230769230769235,0.019230769230769235,0.25,0.019230769230769235,0.019230769230769235,0.019230769230769235,0.40384615384615385,0.019230769230769235,0.019230769230769235,0.019230769230769235,0.019230769230769235,0.019230769230769235,0.019230769230769235,0.019230769230769235
454,PRD
21,CATNODE,5,0.027027027027027018,0.027027027027027018,0.027027027027027018,0.027027027027027018,0.027027027027027018,0.027027027027027018,0.027027027027027018,0.2432432432432432,0.027027027027027018,0.027027027027027018,0.027027027027027018,0.2432432432432432,0.027027027027027018,0.027027027027027018,0.027027027027027018,0.027027027027027018,0.027027027027027018,0.027027027027027018,0.027027027027027018,0.027027027027027018,0.027027027027027018
94,CATNODE,0,0.03846153846153848,0.03846153846153848,0.03846153846153848,0.3461538461538462,0.03846153846153848,0.03846153846153848,0.3461538461538462,0.03846153846153848,0.03846153846153848,0.03846153846153848
161,CATNODE,1,0.031250000000000014,0.031250000000000014,0.031250000000000014,0.031250000000000014,0.031250000000000014,0.15625000000000003,0.031250000000000014,0.4062500000000001,0.031250000000000014,0.031250000000000014,0.031250000000000014,0.031250000000000014,0.031250000000000014,0.031250000000000014,0.031250000000000014,0.031250000000000014
228,CATNODE,2,0.15625000000000003,0.031250000000000014,0.031250000000000014,0.031250000000000014,0.031250000000000014,0.031250000000000014,0.031250000000000014,0.031250000000000014,0.031250000000000014,0.15625000000000003,0.031250000000000014,0.031250000000000014,0.031250000000000014,0.031250000000000014,0.031250000000000014,0.28125000000000006
316,CATNODE,3,0.03333333333333335,0.03333333333333335,0.03333333333333335,0.03333333333333335,0.03333333333333335,0.03333333333333335,0.03333333333333335,0.03333333333333335,0.03333333333333335,0.03333333333333335,0.16666666666666669,0.30000000000000004,0.16666666666666669,0.03333333333333335
317,CATNODE,4,0.42857142857142855,0.42857142857142855,0.047619047619047616,0.047619047619047616,0.047619047619047616
453,PRD
22,CATNODE,0,0.009433962264150945,0.009433962264150945,0.009433962264150945,0.9150943396226413,0.009433962264150945,0.009433962264150945,0.009433962264150945,0.009433962264150945,0.009433962264150945,0.009433962264150945
95,CATNODE,4,0.0099009900990099,0.0099009900990099,0.8811881188118812,0.0099009900990099,0.0891089108910891
162,CATNODE,5,0.008547008547008546,0.008547008547008546,0.008547008547008546,0.008547008547008546,0.008547008547008546,0.07692307692307693,0.008547008547008546,0.008547008547008546,0.008547008547008546,0.008547008547008546,0.008547008547008546,0.008547008547008546,0.6923076923076924,0.008547008547008546,0.008547008547008546,0.07692307692307693,0.008547008547008546,0.008547008547008546,0.008547008547008546,0.008547008547008546,0.008547008547008546
229,CATNODE,3,0.04545454545454544,0.0818181818181818,0.009090909090909087,0.009090909090909087,0.0818181818181818,0.009090909090909087,0.009090909090909087,0.2999999999999999,0.009090909090909087,0.009090909090909087,0.009090909090909087,0.40909090909090906,0.009090909090909087,0.009090909090909087
318,CATNODE,1,0.29464285714285715,0.08035714285714286,0.008928571428571432,0.08035714285714286,0.008928571428571432,0.4017857142857144,0.008928571428571432,0.008928571428571432,0.044642857142857144,0.008928571428571432,0.008928571428571432,0.008928571428571432,0.008928571428571432,0.008928571428571432,0.008928571428571432,0.008928571428571432
319,CATNODE,2,0.044642857142857144,0.008928571428571432,0.29464285714285715,0.008928571428571432,0.008928571428571432,0.11607142857142856,0.008928571428571432,0.008928571428571432,0.11607142857142856,0.22321428571428575,0.008928571428571432,0.008928571428571432,0.008928571428571432,0.11607142857142856,0.008928571428571432,0.008928571428571432
452,PRD
23,CATNODE,5,0.015384615384615389,0.13846153846153847,0.015384615384615389,0.015384615384615389,0.015384615384615389,0.015384615384615389,0.015384615384615389,0.13846153846153847,0.07692307692307693,0.015384615384615389,0.015384615384615389,0.015384615384615389,0.13846153846153847,0.015384615384615389,0.015384615384615389,0.015384615384615389,0.015384615384615389,0.015384615384615389,0.26153846153846155,0.015384615384615389,0.015384615384615389
96,CATNODE,3,0.01724137931034483,0.01724137931034483,0.01724137931034483,0.08620689655172413,0.01724137931034483,0.01724137931034483,0.01724137931034483,0.15517241379310345,0.01724137931034483,0.29310344827586204,0.01724137931034483,0.29310344827586204,0.01724137931034483,0.01724137931034483
163,CATNODE,0,0.018518518518518517,0.24074074074074076,0.018518518518518517,0.537037037037037,0.018518518518518517,0.018518518518518517,0.018518518518518517,0.09259259259259259,0.018518518518518517,0.018518518518518517
230,CATNODE,2,0.01666666666666667,0.01666666666666667,0.01666666666666667,0.01666666666666667,0.01666666666666667,0.15,0.35000000000000003,0.01666666666666667,0.01666666666666667,0.15,0.01666666666666667,0.01666666666666667,0.01666666666666667,0.01666666666666667,0.15,0.01666666666666667
320,CATNODE,1,0.01666666666666667,0.01666666666666667,0.2833333333333333,0.01666666666666667,0.01666666666666667,0.01666666666666667,0.2833333333333333,0.08333333333333333,0.01666666666666667,0.01666666666666667,0.01666666666666667,0.15,0.01666666666666667,0.01666666666666667,0.01666666666666667,0.01666666666666667
321,CATNODE,4,0.020408163265306117,0.020408163265306117,0.18367346938775508,0.020408163265306117,0.7551020408163266
451,PRD
24,CATNODE,4,0.9658119658119658,0.008547008547008546,0.008547008547008546,0.008547008547008546,0.008547008547008546
97,CATNODE,5,0.0075187969924812035,0.0977443609022556,0.0075187969924812035,0.0075187969924812035,0.6090225563909775,0.0075187969924812035,0.0075187969924812035,0.0075187969924812035,0.0075187969924812035,0.15789473684210523,0.0075187969924812035,0.0075187969924812035,0.0075187969924812035,0.0075187969924812035,0.0075187969924812035,0.0075187969924812035,0.0075187969924812035,0.0075187969924812035,0.0075187969924812035,0.0075187969924812035,0.0075187969924812035
164,CATNODE,1,0.007812500000000002,0.007812500000000002,0.0390625,0.0390625,0.0390625,0.1328125,0.0703125,0.10156249999999999,0.0703125,0.1328125,0.0703125,0.1328125,0.0390625,0.0703125,0.0390625,0.007812500000000002
231,CATNODE,3,0.007936507936507936,0.007936507936507936,0.007936507936507936,0.007936507936507936,0.007936507936507936,0.007936507936507936,0.007936507936507936,0.7698412698412699,0.03968253968253969,0.007936507936507936,0.07142857142857144,0.03968253968253969,0.007936507936507936,0.007936507936507936
322,CATNODE,2,0.0390625,0.007812500000000002,0.007812500000000002,0.007812500000000002,0.007812500000000002,0.007812500000000002,0.007812500000000002,0.19531250000000003,0.007812500000000002,0.0703125,0.007812500000000002,0.007812500000000002,0.6015625000000001,0.007812500000000002,0.007812500000000002,0.007812500000000002
323,CATNODE,0,0.20491803278688525,0.7295081967213115,0.008196721311475409,0.008196721311475409,0.008196721311475409,0.008196721311475409,0.008196721311475409,0.008196721311475409,0.008196721311475409,0.008196721311475409
450,PRD
25,CATNODE,2,0.046296296296296294,0.009259259259259257,0.19444444444444445,0.009259259259259257,0.009259259259259257,0.009259259259259257,0.009259259259259257,0.23148148148148148,0.009259259259259257,0.009259259259259257,0.12037037037037039,0.009259259259259257,0.009259259259259257,0.009259259259259257,0.009259259259259257,0.30555555555555547
98,CATNODE,5,0.008849557522123892,0.008849557522123892,0.008849557522123892,0.008849557522123892,0.008849557522123892,0.008849557522123892,0.008849557522123892,0.008849557522123892,0.008849557522123892,0.008849557522123892,0.008849557522123892,0.008849557522123892,0.008849557522123892,0.008849557522123892,0.008849557522123892,0.07964601769911504,0.008849557522123892,0.008849557522123892,0.5044247787610618,0.2566371681415929,0.008849557522123892
165,CATNODE,1,0.30555555555555547,0.12037037037037039,0.23148148148148148,0.009259259259259257,0.009259259259259257,0.12037037037037039,0.009259259259259257,0.08333333333333333,0.009259259259259257,0.046296296296296294,0.009259259259259257,0.009259259259259257,0.009259259259259257,0.009259259259259257,0.009259259259259257,0.009259259259259257
232,CATNODE,4,0.1752577319587629,0.010309278350515464,0.2989690721649485,0.010309278350515464,0.5051546391752579
324,CATNODE,3,0.08490566037735849,0.009433962264150945,0.08490566037735849,0.009433962264150945,0.009433962264150945,0.009433962264150945,0.009433962264150945,0.6886792452830189,0.009433962264150945,0.009433962264150945,0.009433962264150945,0.04716981132075471,0.009433962264150945,0.009433962264150945
325,CATNODE,0,0.9117647058823533,0.009803921568627454,0.009803921568627454,0.009803921568627454,0.009803921568627454,0.009803921568627454,0.009803921568627454,0.009803921568627454,0.009803921568627454,0.009803921568627454
449,PRD
26,CATNODE,2,0.013157894736842106,0.06578947368421054,0.013157894736842106,0.013157894736842106,0.22368421052631582,0.013157894736842106,0.11842105263157897,0.4342105263157895,0.013157894736842106,0.013157894736842106,0.013157894736842106,0.013157894736842106,0.013157894736842106,0.013157894736842106,0.013157894736842106,0.013157894736842106
99,CATNODE,5,0.012345679012345675,0.012345679012345675,0.25925925925925924,0.012345679012345675,0.012345679012345675,0.012345679012345675,0.012345679012345675,0.06172839506172838,0.012345679012345675,0.012345679012345675,0.012345679012345675,0.012345679012345675,0.16049382716049382,0.012345679012345675,0.012345679012345675,0.012345679012345675,0.012345679012345675,0.012345679012345675,0.30864197530864196,0.012345679012345675,0.012345679012345675
166,CATNODE,4,0.07692307692307693,0.6307692307692307,0.26153846153846155,0.015384615384615389,0.015384615384615389
233,CATNODE,1,0.06578947368421054,0.1710526315789474,0.013157894736842106,0.013157894736842106,0.013157894736842106,0.013157894736842106,0.1710526315789474,0.4342105263157895,0.013157894736842106,0.013157894736842106,0.013157894736842106,0.013157894736842106,0.013157894736842106,0.013157894736842106,0.013157894736842106,0.013157894736842106
326,CATNODE,3,0.01351351351351352,0.01351351351351352,0.01351351351351352,0.01351351351351352,0.22972972972972974,0.01351351351351352,0.01351351351351352,0.5000000000000002,0.01351351351351352,0.01351351351351352,0.01351351351351352,0.12162162162162164,0.01351351351351352,0.01351351351351352
327,CATNODE,0,0.4142857142857142,0.01428571428571428,0.01428571428571428,0.3571428571428571,0.01428571428571428,0.01428571428571428,0.01428571428571428,0.12857142857142856,0.01428571428571428,0.01428571428571428
448,PRD
27,CATNODE,2,0.03571428571428572,0.03571428571428572,0.03571428571428572,0.17857142857142858,0.03571428571428572,0.03571428571428572,0.03571428571428572,0.03571428571428572,0.03571428571428572,0.03571428571428572,0.03571428571428572,0.03571428571428572,0.03571428571428572,0.03571428571428572,0.32142857142857145,0.03571428571428572
100,CATNODE,4,0.7647058823529412,0.0588235294117647,0.0588235294117647,0.0588235294117647,0.0588235294117647
167,CATNODE,0,0.22727272727272727,0.04545454545454544,0.04545454545454544,0.04545454545454544,0.40909090909090906,0.04545454545454544,0.04545454545454544,0.04545454545454544,0.04545454545454544,0.04545454545454544
234,CATNODE,1,0.32142857142857145,0.03571428571428572,0.17857142857142858,0.03571428571428572,0.03571428571428572,0.03571428571428572,0.03571428571428572,0.03571428571428572,0.03571428571428572,0.03571428571428572,0.03571428571428572,0.03571428571428572,0.03571428571428572,0.03571428571428572,0.03571428571428572,0.03571428571428572
328,CATNODE,5,0.030303030303030318,0.030303030303030318,0.030303030303030318,0.39393939393939403,0.030303030303030318,0.030303030303030318,0.030303030303030318,0.030303030303030318,0.030303030303030318,0.030303030303030318,0.030303030303030318,0.030303030303030318,0.030303030303030318,0.030303030303030318,0.030303030303030318,0.030303030303030318,0.030303030303030318,0.030303030303030318,0.030303030303030318,0.030303030303030318,0.030303030303030318
329,CATNODE,3,0.03846153846153848,0.03846153846153848,0.03846153846153848,0.3461538461538462,0.03846153846153848,0.03846153846153848,0.03846153846153848,0.03846153846153848,0.03846153846153848,0.03846153846153848,0.19230769230769232,0.03846153846153848,0.03846153846153848,0.03846153846153848
447,PRD
28,CATNODE,1,0.3879310344827586,0.008620689655172415,0.008620689655172415,0.008620689655172415,0.07758620689655171,0.146551724137931,0.008620689655172415,0.11206896551724135,0.008620689655172415,0.043103448275862065,0.11206896551724135,0.043103448275862065,0.008620689655172415,0.008620689655172415,0.008620689655172415,0.008620689655172415
101,CATNODE,5,0.008264462809917354,0.7024793388429752,0.008264462809917354,0.008264462809917354,0.07438016528925619,0.008264462809917354,0.008264462809917354,0.008264462809917354,0.07438016528925619,0.008264462809917354,0.008264462809917354,0.008264462809917354,0.008264462809917354,0.008264462809917354,0.008264462809917354,0.008264462809917354,0.008264462809917354,0.008264462809917354,0.008264462809917354,0.008264462809917354,0.008264462809917354
168,CATNODE,4,0.42857142857142866,0.12380952380952379,0.16190476190476188,0.009523809523809526,0.2761904761904762
235,CATNODE,0,0.22727272727272727,0.7,0.009090909090909087,0.009090909090909087,0.009090909090909087,0.009090909090909087,0.009090909090909087,0.009090909090909087,0.009090909090909087,0.009090909090909087
330,CATNODE,3,0.008771929824561401,0.008771929824561401,0.07894736842105263,0.008771929824561401,0.14912280701754385,0.008771929824561401,0.008771929824561401,0.3947368421052632,0.008771929824561401,0.008771929824561401,0.008771929824561401,0.2192982456140351,0.07894736842105263,0.008771929824561401
331,CATNODE,2,0.7672413793103448,0.008620689655172415,0.008620689655172415,0.008620689655172415,0.008620689655172415,0.008620689655172415,0.008620689655172415,0.008620689655172415,0.008620689655172415,0.008620689655172415,0.008620689655172415,0.008620689655172415,0.11206896551724135,0.008620689655172415,0.008620689655172415,0.008620689655172415
446,PRD
29,CATNODE,3,0.018518518518518517,0.537037037037037,0.16666666666666669,0.018518518518518517,0.018518518518518517,0.09259259259259259,0.018518518518518517,0.018518518518518517,0.018518518518518517,0.018518518518518517,0.018518518518518517,0.018518518518518517,0.018518518518518517,0.018518518518518517
102,CATNODE,1,0.0892857142857143,0.16071428571428575,0.017857142857142867,0.017857142857142867,0.2321428571428572,0.017857142857142867,0.017857142857142867,0.0892857142857143,0.017857142857142867,0.0892857142857143,0.017857142857142867,0.017857142857142867,0.0892857142857143,0.0892857142857143,0.017857142857142867,0.017857142857142867
169,CATNODE,4,0.911111111111111,0.022222222222222227,0.022222222222222227,0.022222222222222227,0.022222222222222227
236,CATNODE,5,0.21311475409836067,0.016393442622950817,0.016393442622950817,0.016393442622950817,0.016393442622950817,0.016393442622950817,0.016393442622950817,0.016393442622950817,0.016393442622950817,0.016393442622950817,0.016393442622950817,0.016393442622950817,0.016393442622950817,0.016393442622950817,0.016393442622950817,0.016393442622950817,0.4754098360655738,0.016393442622950817,0.016393442622950817,0.016393442622950817,0.016393442622950817
332,CATNODE,2,0.0892857142857143,0.017857142857142867,0.017857142857142867,0.0892857142857143,0.017857142857142867,0.017857142857142867,0.017857142857142867,0.017857142857142867,0.017857142857142867,0.017857142857142867,0.017857142857142867,0.017857142857142867,0.017857142857142867,0.017857142857142867,0.5892857142857143,0.017857142857142867
333,CATNODE,0,0.019999999999999993,0.019999999999999993,0.019999999999999993,0.019999999999999993,0.09999999999999998,0.019999999999999993,0.019999999999999993,0.019999999999999993,0.41999999999999993,0.3399999999999999
445,PRD
30,CATNODE,0,0.03333333333333335,0.5666666666666667,0.03333333333333335,0.03333333333333335,0.03333333333333335,0.03333333333333335,0.03333333333333335,0.16666666666666669,0.03333333333333335,0.03333333333333335
103,CATNODE,4,0.03999999999999999,0.03999999999999999,0.03999999999999999,0.03999999999999999,0.84
170,CATNODE,1,0.02777777777777778,0.02777777777777778,0.02777777777777778,0.02777777777777778,0.02777777777777778,0.02777777777777778,0.02777777777777778,0.13888888888888887,0.02777777777777778,0.24999999999999994,0.02777777777777778,0.02777777777777778,0.02777777777777778,0.02777777777777778,0.02777777777777778,0.24999999999999994
237,CATNODE,5,0.024390243902439022,0.21951219512195122,0.024390243902439022,0.024390243902439022,0.024390243902439022,0.024390243902439022,0.12195121951219512,0.024390243902439022,0.024390243902439022,0.024390243902439022,0.024390243902439022,0.024390243902439022,0.024390243902439022,0.024390243902439022,0.21951219512195122,0.024390243902439022,0.024390243902439022,0.024390243902439022,0.024390243902439022,0.024390243902439022,0.024390243902439022
334,CATNODE,3,0.02941176470588235,0.02941176470588235,0.2647058823529412,0.02941176470588235,0.02941176470588235,0.02941176470588235,0.02941176470588235,0.02941176470588235,0.02941176470588235,0.3823529411764706,0.02941176470588235,0.02941176470588235,0.02941176470588235,0.02941176470588235
335,CATNODE,2,0.02777777777777778,0.13888888888888887,0.02777777777777778,0.24999999999999994,0.02777777777777778,0.02777777777777778,0.02777777777777778,0.24999999999999994,0.02777777777777778,0.02777777777777778,0.02777777777777778,0.02777777777777778,0.02777777777777778,0.02777777777777778,0.02777777777777778,0.02777777777777778
444,PRD
31,CATNODE,1,0.02272727272727272,0.02272727272727272,0.02272727272727272,0.02272727272727272,0.02272727272727272,0.02272727272727272,0.02272727272727272,0.02272727272727272,0.02272727272727272,0.02272727272727272,0.2954545454545454,0.02272727272727272,0.02272727272727272,0.2954545454545454,0.02272727272727272,0.11363636363636362
104,CATNODE,3,0.11904761904761905,0.02380952380952382,0.02380952380952382,0.02380952380952382,0.02380952380952382,0.02380952380952382,0.02380952380952382,0.02380952380952382,0.30952380952380953,0.02380952380952382,0.30952380952380953,0.02380952380952382,0.02380952380952382,0.02380952380952382
171,CATNODE,0,0.6578947368421052,0.026315789473684213,0.13157894736842102,0.026315789473684213,0.026315789473684213,0.026315789473684213,0.026315789473684213,0.026315789473684213,0.026315789473684213,0.026315789473684213
238,CATNODE,2,0.2954545454545454,0.02272727272727272,0.02272727272727272,0.02272727272727272,0.02272727272727272,0.11363636363636362,0.02272727272727272,0.02272727272727272,0.02272727272727272,0.02272727272727272,0.02272727272727272,0.11363636363636362,0.02272727272727272,0.02272727272727272,0.02272727272727272,0.20454545454545453
336,CATNODE,4,0.7575757575757578,0.030303030303030318,0.030303030303030318,0.030303030303030318,0.15151515151515155
337,CATNODE,5,0.020408163265306117,0.020408163265306117,0.020408163265306117,0.020408163265306117,0.020408163265306117,0.18367346938775508,0.020408163265306117,0.020408163265306117,0.18367346938775508,0.020408163265306117,0.020408163265306117,0.020408163265306117,0.020408163265306117,0.020408163265306117,0.020408163265306117,0.020408163265306117,0.020408163265306117,0.020408163265306117,0.26530612244897955,0.020408163265306117,0.020408163265306117
443,PRD
32,CATNODE,2,0.03571428571428572,0.03571428571428572,0.03571428571428572,0.03571428571428572,0.03571428571428572,0.03571428571428572,0.03571428571428572,0.03571428571428572,0.03571428571428572,0.46428571428571436,0.03571428571428572,0.03571428571428572,0.03571428571428572,0.03571428571428572,0.03571428571428572,0.03571428571428572
105,CATNODE,4,0.29411764705882354,0.0588235294117647,0.0588235294117647,0.0588235294117647,0.5294117647058824
172,CATNODE,1,0.03571428571428572,0.03571428571428572,0.17857142857142858,0.03571428571428572,0.03571428571428572,0.03571428571428572,0.03571428571428572,0.03571428571428572,0.03571428571428572,0.32142857142857145,0.03571428571428572,0.03571428571428572,0.03571428571428572,0.03571428571428572,0.03571428571428572,0.03571428571428572
239,CATNODE,5,0.030303030303030318,0.030303030303030318,0.030303030303030318,0.15151515151515155,0.030303030303030318,0.030303030303030318,0.030303030303030318,0.030303030303030318,0.15151515151515155,0.030303030303030318,0.030303030303030318,0.030303030303030318,0.030303030303030318,0.030303030303030318,0.030303030303030318,0.15151515151515155,0.030303030303030318,0.030303030303030318,0.030303030303030318,0.030303030303030318,0.030303030303030318
338,CATNODE,0,0.04545454545454544,0.40909090909090906,0.22727272727272727,0.04545454545454544,0.04545454545454544,0.04545454545454544,0.04545454545454544,0.04545454545454544,0.04545454545454544,0.04545454545454544
339,CATNODE,3,0.03846153846153848,0.03846153846153848,0.03846153846153848,0.03846153846153848,0.03846153846153848,0.03846153846153848,0.03846153846153848,0.03846153846153848,0.03846153846153848,0.03846153846153848,0.19230769230769232,0.03846153846153848,0.03846153846153848,0.3461538461538462
442,PRD
33,CATNODE,3,0.1046511627906977,0.011627906976744191,0.011627906976744191,0.058139534883720936,0.011627906976744191,0.011627906976744191,0.011627906976744191,0.5697674418604652,0.011627906976744191,0.011627906976744191,0.011627906976744191,0.15116279069767444,0.011627906976744191,0.011627906976744191
106,CATNODE,5,0.010752688172043006,0.05376344086021504,0.010752688172043006,0.010752688172043006,0.010752688172043006,0.010752688172043006,0.010752688172043006,0.3978494623655914,0.010752688172043006,0.09677419354838708,0.010752688172043006,0.010752688172043006,0.010752688172043006,0.010752688172043006,0.010752688172043006,0.010752688172043006,0.010752688172043006,0.010752688172043006,0.010752688172043006,0.010752688172043006,0.26881720430107525
173,CATNODE,0,0.646341463414634,0.01219512195121951,0.01219512195121951,0.20731707317073167,0.01219512195121951,0.01219512195121951,0.01219512195121951,0.06097560975609755,0.01219512195121951,0.01219512195121951
240,CATNODE,1,0.2386363636363636,0.011363636363636359,0.011363636363636359,0.10227272727272725,0.011363636363636359,0.011363636363636359,0.0568181818181818,0.0568181818181818,0.19318181818181812,0.011363636363636359,0.011363636363636359,0.0568181818181818,0.0568181818181818,0.011363636363636359,0.1477272727272727,0.011363636363636359
340,CATNODE,2,0.19318181818181812,0.011363636363636359,0.011363636363636359,0.011363636363636359,0.011363636363636359,0.011363636363636359,0.0568181818181818,0.19318181818181812,0.011363636363636359,0.011363636363636359,0.011363636363636359,0.011363636363636359,0.011363636363636359,0.28409090909090906,0.1477272727272727,0.011363636363636359
341,CATNODE,4,0.012987012987012983,0.012987012987012983,0.012987012987012983,0.8961038961038961,0.06493506493506493
441,PRD
34,CATNODE,5,0.016393442622950817,0.016393442622950817,0.016393442622950817,0.016393442622950817,0.016393442622950817,0.016393442622950817,0.016393442622950817,0.016393442622950817,0.016393442622950817,0.016393442622950817,0.016393442622950817,0.2786885245901639,0.1475409836065574,0.016393442622950817,0.016393442622950817,0.016393442622950817,0.016393442622950817,0.2786885245901639,0.016393442622950817,0.016393442622950817,0.016393442622950817
107,CATNODE,2,0.017857142857142867,0.017857142857142867,0.017857142857142867,0.16071428571428575,0.017857142857142867,0.017857142857142867,0.017857142857142867,0.0892857142857143,0.017857142857142867,0.017857142857142867,0.017857142857142867,0.0892857142857143,0.017857142857142867,0.017857142857142867,0.44642857142857156,0.017857142857142867
174,CATNODE,4,0.3777777777777777,0.022222222222222227,0.28888888888888886,0.28888888888888886,0.022222222222222227
241,CATNODE,3,0.018518518518518517,0.018518518518518517,0.3148148148148148,0.018518518518518517,0.38888888888888895,0.018518518518518517,0.018518518518518517,0.09259259259259259,0.018518518518518517,0.018518518518518517,0.018518518518518517,0.018518518518518517,0.018518518518518517,0.018518518518518517
342,CATNODE,1,0.0892857142857143,0.017857142857142867,0.017857142857142867,0.017857142857142867,0.017857142857142867,0.017857142857142867,0.017857142857142867,0.0892857142857143,0.3750000000000001,0.017857142857142867,0.16071428571428575,0.017857142857142867,0.017857142857142867,0.017857142857142867,0.017857142857142867,0.0892857142857143
343,CATNODE,0,0.3399999999999999,0.019999999999999993,0.09999999999999998,0.3399999999999999,0.09999999999999998,0.019999999999999993,0.019999999999999993,0.019999999999999993,0.019999999999999993,0.019999999999999993
440,PRD
35,CATNODE,3,0.026315789473684213,0.026315789473684213,0.026315789473684213,0.13157894736842102,0.5526315789473684,0.026315789473684213,0.026315789473684213,0.026315789473684213,0.026315789473684213,0.026315789473684213,0.026315789473684213,0.026315789473684213,0.026315789473684213,0.026315789473684213
108,CATNODE,2,0.02499999999999999,0.02499999999999999,0.02499999999999999,0.02499999999999999,0.02499999999999999,0.02499999999999999,0.02499999999999999,0.02499999999999999,0.02499999999999999,0.02499999999999999,0.32499999999999996,0.02499999999999999,0.12499999999999997,0.12499999999999997,0.02499999999999999,0.12499999999999997
175,CATNODE,4,0.1724137931034483,0.03448275862068967,0.1724137931034483,0.5862068965517241,0.03448275862068967
242,CATNODE,5,0.022222222222222227,0.022222222222222227,0.022222222222222227,0.022222222222222227,0.022222222222222227,0.022222222222222227,0.022222222222222227,0.28888888888888886,0.022222222222222227,0.022222222222222227,0.022222222222222227,0.022222222222222227,0.28888888888888886,0.022222222222222227,0.022222222222222227,0.022222222222222227,0.022222222222222227,0.022222222222222227,0.022222222222222227,0.022222222222222227,0.022222222222222227
344,CATNODE,0,0.02941176470588235,0.02941176470588235,0.02941176470588235,0.7352941176470589,0.02941176470588235,0.02941176470588235,0.02941176470588235,0.02941176470588235,0.02941176470588235,0.02941176470588235
345,CATNODE,1,0.02499999999999999,0.02499999999999999,0.02499999999999999,0.02499999999999999,0.02499999999999999,0.02499999999999999,0.02499999999999999,0.02499999999999999,0.02499999999999999,0.02499999999999999,0.02499999999999999,0.5249999999999999,0.02499999999999999,0.12499999999999997,0.02499999999999999,0.02499999999999999
439,PRD
36,CATNODE,2,0.03571428571428572,0.03571428571428572,0.03571428571428572,0.03571428571428572,0.03571428571428572,0.03571428571428572,0.32142857142857145,0.03571428571428572,0.03571428571428572,0.03571428571428572,0.03571428571428572,0.03571428571428572,0.03571428571428572,0.17857142857142858,0.03571428571428572,0.03571428571428572
109,CATNODE,4,0.0588235294117647,0.5294117647058824,0.29411764705882354,0.0588235294117647,0.0588235294117647
176,CATNODE,0,0.04545454545454544,0.04545454545454544,0.04545454545454544,0.04545454545454544,0.04545454545454544,0.04545454545454544,0.04545454545454544,0.04545454545454544,0.5909090909090909,0.04545454545454544
243,CATNODE,1,0.03571428571428572,0.03571428571428572,0.03571428571428572,0.03571428571428572,0.03571428571428572,0.17857142857142858,0.32142857142857145,0.03571428571428572,0.03571428571428572,0.03571428571428572,0.03571428571428572,0.03571428571428572,0.03571428571428572,0.03571428571428572,0.03571428571428572,0.03571428571428572
346,CATNODE,3,0.03846153846153848,0.03846153846153848,0.19230769230769232,0.03846153846153848,0.03846153846153848,0.03846153846153848,0.03846153846153848,0.03846153846153848,0.03846153846153848,0.03846153846153848,0.03846153846153848,0.03846153846153848,0.03846153846153848,0.3461538461538462
347,CATNODE,5,0.030303030303030318,0.030303030303030318,0.030303030303030318,0.030303030303030318,0.030303030303030318,0.27272727272727276,0.030303030303030318,0.030303030303030318,0.030303030303030318,0.030303030303030318,0.030303030303030318,0.030303030303030318,0.15151515151515155,0.030303030303030318,0.030303030303030318,0.030303030303030318,0.030303030303030318,0.030303030303030318,0.030303030303030318,0.030303030303030318,0.030303030303030318
438,PRD
37,CATNODE,4,0.017543859649122806,0.7192982456140351,0.017543859649122806,0.017543859649122806,0.2280701754385965
110,CATNODE,2,0.07352941176470587,0.014705882352941173,0.014705882352941173,0.014705882352941173,0.014705882352941173,0.1323529411764706,0.014705882352941173,0.19117647058823528,0.014705882352941173,0.014705882352941173,0.014705882352941173,0.014705882352941173,0.014705882352941173,0.014705882352941173,0.42647058823529405,0.014705882352941173
177,CATNODE,5,0.6164383561643836,0.013698630136986304,0.013698630136986304,0.013698630136986304,0.013698630136986304,0.013698630136986304,0.013698630136986304,0.013698630136986304,0.013698630136986304,0.013698630136986304,0.013698630136986304,0.013698630136986304,0.013698630136986304,0.013698630136986304,0.013698630136986304,0.013698630136986304,0.1232876712328767,0.013698630136986304,0.013698630136986304,0.013698630136986304,0.013698630136986304
244,CATNODE,3,0.015151515151515157,0.37878787878787884,0.07575757575757576,0.015151515151515157,0.015151515151515157,0.015151515151515157,0.015151515151515157,0.015151515151515157,0.015151515151515157,0.015151515151515157,0.015151515151515157,0.015151515151515157,0.25757575757575757,0.13636363636363638
348,CATNODE,1,0.19117647058823528,0.014705882352941173,0.014705882352941173,0.014705882352941173,0.014705882352941173,0.014705882352941173,0.014705882352941173,0.5441176470588236,0.014705882352941173,0.014705882352941173,0.014705882352941173,0.014705882352941173,0.07352941176470587,0.014705882352941173,0.014705882352941173,0.014705882352941173
349,CATNODE,0,0.016129032258064516,0.14516129032258066,0.016129032258064516,0.016129032258064516,0.016129032258064516,0.016129032258064516,0.08064516129032258,0.016129032258064516,0.016129032258064516,0.6612903225806451
437,PRD
38,CATNODE,0,0.17999999999999997,0.41999999999999993,0.09999999999999998,0.019999999999999993,0.17999999999999997,0.019999999999999993,0.019999999999999993,0.019999999999999993,0.019999999999999993,0.019999999999999993
111,CATNODE,4,0.3777777777777777,0.11111111111111109,0.022222222222222227,0.3777777777777777,0.11111111111111109
178,CATNODE,5,0.016393442622950817,0.016393442622950817,0.34426229508196726,0.2786885245901639,0.016393442622950817,0.016393442622950817,0.016393442622950817,0.016393442622950817,0.016393442622950817,0.016393442622950817,0.016393442622950817,0.016393442622950817,0.016393442622950817,0.016393442622950817,0.0819672131147541,0.016393442622950817,0.016393442622950817,0.016393442622950817,0.016393442622950817,0.016393442622950817,0.016393442622950817
245,CATNODE,3,0.018518518518518517,0.018518518518518517,0.018518518518518517,0.16666666666666669,0.16666666666666669,0.018518518518518517,0.018518518518518517,0.018518518518518517,0.018518518518518517,0.018518518518518517,0.018518518518518517,0.018518518518518517,0.38888888888888895,0.09259259259259259
350,CATNODE,1,0.017857142857142867,0.2321428571428572,0.017857142857142867,0.017857142857142867,0.017857142857142867,0.3035714285714286,0.017857142857142867,0.16071428571428575,0.017857142857142867,0.0892857142857143,0.017857142857142867,0.017857142857142867,0.017857142857142867,0.017857142857142867,0.017857142857142867,0.017857142857142867
351,CATNODE,2,0.017857142857142867,0.3750000000000001,0.017857142857142867,0.017857142857142867,0.017857142857142867,0.3750000000000001,0.017857142857142867,0.017857142857142867,0.017857142857142867,0.017857142857142867,0.017857142857142867,0.017857142857142867,0.017857142857142867,0.017857142857142867,0.017857142857142867,0.017857142857142867
436,PRD
39,CATNODE,3,0.01724137931034483,0.15517241379310345,0.01724137931034483,0.01724137931034483,0.01724137931034483,0.01724137931034483,0.01724137931034483,0.15517241379310345,0.01724137931034483,0.01724137931034483,0.08620689655172413,0.29310344827586204,0.15517241379310345,0.01724137931034483
112,CATNODE,4,0.020408163265306117,0.1020408163265306,0.020408163265306117,0.020408163265306117,0.8367346938775508
179,CATNODE,5,0.015384615384615389,0.015384615384615389,0.015384615384615389,0.015384615384615389,0.015384615384615389,0.07692307692307693,0.015384615384615389,0.38461538461538464,0.015384615384615389,0.015384615384615389,0.015384615384615389,0.015384615384615389,0.015384615384615389,0.07692307692307693,0.015384615384615389,0.015384615384615389,0.015384615384615389,0.015384615384615389,0.015384615384615389,0.015384615384615389,0.2
246,CATNODE,1,0.01666666666666667,0.01666666666666667,0.21666666666666667,0.01666666666666667,0.01666666666666667,0.01666666666666667,0.15,0.01666666666666667,0.01666666666666667,0.01666666666666667,0.01666666666666667,0.01666666666666667,0.01666666666666667,0.01666666666666667,0.2833333333333333,0.15
352,CATNODE,2,0.08333333333333333,0.15,0.01666666666666667,0.21666666666666667,0.01666666666666667,0.01666666666666667,0.01666666666666667,0.01666666666666667,0.15,0.01666666666666667,0.01666666666666667,0.01666666666666667,0.15,0.01666666666666667,0.08333333333333333,0.01666666666666667
353,CATNODE,0,0.018518518518518517,0.018518518518518517,0.018518518518518517,0.611111111111111,0.018518518518518517,0.018518518518518517,0.24074074074074076,0.018518518518518517,0.018518518518518517,0.018518518518518517
435,PRD
40,CATNODE,5,0.018867924528301893,0.018867924528301893,0.09433962264150943,0.018867924528301893,0.018867924528301893,0.018867924528301893,0.018867924528301893,0.018867924528301893,0.018867924528301893,0.018867924528301893,0.018867924528301893,0.018867924528301893,0.018867924528301893,0.018867924528301893,0.5471698113207547,0.018867924528301893,0.018867924528301893,0.018867924528301893,0.018867924528301893,0.018867924528301893,0.018867924528301893
113,CATNODE,0,0.02380952380952382,0.7857142857142856,0.02380952380952382,0.02380952380952382,0.02380952380952382,0.02380952380952382,0.02380952380952382,0.02380952380952382,0.02380952380952382,0.02380952380952382
180,CATNODE,4,0.027027027027027018,0.027027027027027018,0.027027027027027018,0.8918918918918916,0.027027027027027018
247,CATNODE,3,0.021739130434782608,0.021739130434782608,0.021739130434782608,0.021739130434782608,0.10869565217391305,0.021739130434782608,0.1956521739130435,0.3695652173913044,0.021739130434782608,0.10869565217391305,0.021739130434782608,0.021739130434782608,0.021739130434782608,0.021739130434782608
354,CATNODE,2,0.02083333333333334,0.02083333333333334,0.02083333333333334,0.10416666666666666,0.02083333333333334,0.02083333333333334,0.10416666666666666,0.10416666666666666,0.1875,0.02083333333333334,0.02083333333333334,0.02083333333333334,0.02083333333333334,0.02083333333333334,0.2708333333333333,0.02083333333333334
355,CATNODE,1,0.02083333333333334,0.02083333333333334,0.02083333333333334,0.02083333333333334,0.02083333333333334,0.2708333333333333,0.10416666666666666,0.02083333333333334,0.10416666666666666,0.1875,0.02083333333333334,0.02083333333333334,0.02083333333333334,0.02083333333333334,0.02083333333333334,0.10416666666666666
434,PRD
41,CATNODE,1,0.015625000000000007,0.078125,0.265625,0.015625000000000007,0.015625000000000007,0.265625,0.015625000000000007,0.015625000000000007,0.015625000000000007,0.015625000000000007,0.015625000000000007,0.015625000000000007,0.20312500000000003,0.015625000000000007,0.015625000000000007,0.015625000000000007
114,CATNODE,5,0.13043478260869565,0.0144927536231884,0.0144927536231884,0.13043478260869565,0.18840579710144925,0.07246376811594202,0.0144927536231884,0.07246376811594202,0.0144927536231884,0.0144927536231884,0.0144927536231884,0.0144927536231884,0.07246376811594202,0.0144927536231884,0.13043478260869565,0.0144927536231884,0.0144927536231884,0.0144927536231884,0.0144927536231884,0.0144927536231884,0.0144927536231884
181,CATNODE,4,0.09433962264150943,0.018867924528301893,0.169811320754717,0.018867924528301893,0.69811320754717
248,CATNODE,3,0.016129032258064516,0.016129032258064516,0.016129032258064516,0.016129032258064516,0.016129032258064516,0.016129032258064516,0.016129032258064516,0.016129032258064516,0.532258064516129,0.08064516129032258,0.016129032258064516,0.016129032258064516,0.016129032258064516,0.20967741935483875
356,CATNODE,2,0.015625000000000007,0.015625000000000007,0.515625,0.015625000000000007,0.015625000000000007,0.015625000000000007,0.015625000000000007,0.015625000000000007,0.015625000000000007,0.015625000000000007,0.078125,0.015625000000000007,0.078125,0.078125,0.078125,0.015625000000000007
357,CATNODE,0,0.22413793103448276,0.6379310344827587,0.01724137931034483,0.01724137931034483,0.01724137931034483,0.01724137931034483,0.01724137931034483,0.01724137931034483,0.01724137931034483,0.01724137931034483
433,PRD
42,CATNODE,1,0.02777777777777778,0.02777777777777778,0.02777777777777778,0.02777777777777778,0.13888888888888887,0.02777777777777778,0.02777777777777778,0.02777777777777778,0.02777777777777778,0.02777777777777778,0.02777777777777778,0.02777777777777778,0.02777777777777778,0.02777777777777778,0.36111111111111105,0.13888888888888887
115,CATNODE,3,0.02941176470588235,0.02941176470588235,0.02941176470588235,0.02941176470588235,0.02941176470588235,0.02941176470588235,0.02941176470588235,0.02941176470588235,0.3823529411764706,0.02941176470588235,0.02941176470588235,0.2647058823529412,0.02941176470588235,0.02941176470588235
182,CATNODE,4,0.84,0.03999999999999999,0.03999999999999999,0.03999999999999999,0.03999999999999999
249,CATNODE,5,0.21951219512195122,0.024390243902439022,0.024390243902439022,0.21951219512195122,0.024390243902439022,0.024390243902439022,0.024390243902439022,0.024390243902439022,0.024390243902439022,0.024390243902439022,0.024390243902439022,0.024390243902439022,0.024390243902439022,0.024390243902439022,0.024390243902439022,0.12195121951219512,0.024390243902439022,0.024390243902439022,0.024390243902439022,0.024390243902439022,0.024390243902439022
358,CATNODE,0,0.03333333333333335,0.7000000000000001,0.03333333333333335,0.03333333333333335,0.03333333333333335,0.03333333333333335,0.03333333333333335,0.03333333333333335,0.03333333333333335,0.03333333333333335
359,CATNODE,2,0.02777777777777778,0.02777777777777778,0.02777777777777778,0.02777777777777778,0.02777777777777778,0.13888888888888887,0.02777777777777778,0.02777777777777778,0.02777777777777778,0.02777777777777778,0.02777777777777778,0.02777777777777778,0.02777777777777778,0.02777777777777778,0.4722222222222221,0.02777777777777778
432,PRD
43,CATNODE,5,0.022222222222222227,0.022222222222222227,0.022222222222222227,0.022222222222222227,0.022222222222222227,0.022222222222222227,0.022222222222222227,0.022222222222222227,0.022222222222222227,0.022222222222222227,0.28888888888888886,0.022222222222222227,0.022222222222222227,0.022222222222222227,0.11111111111111109,0.022222222222222227,0.11111111111111109,0.11111111111111109,0.022222222222222227,0.022222222222222227,0.022222222222222227
116,CATNODE,0,0.02941176470588235,0.02941176470588235,0.02941176470588235,0.02941176470588235,0.02941176470588235,0.49999999999999994,0.02941176470588235,0.2647058823529412,0.02941176470588235,0.02941176470588235
183,CATNODE,2,0.02499999999999999,0.02499999999999999,0.02499999999999999,0.02499999999999999,0.02499999999999999,0.02499999999999999,0.02499999999999999,0.22499999999999995,0.02499999999999999,0.02499999999999999,0.02499999999999999,0.02499999999999999,0.02499999999999999,0.02499999999999999,0.32499999999999996,0.12499999999999997
250,CATNODE,4,0.8620689655172415,0.03448275862068967,0.03448275862068967,0.03448275862068967,0.03448275862068967
360,CATNODE,1,0.02499999999999999,0.02499999999999999,0.32499999999999996,0.02499999999999999,0.02499999999999999,0.22499999999999995,0.12499999999999997,0.02499999999999999,0.02499999999999999,0.02499999999999999,0.02499999999999999,0.02499999999999999,0.02499999999999999,0.02499999999999999,0.02499999999999999,0.02499999999999999
361,CATNODE,3,0.026315789473684213,0.44736842105263147,0.026315789473684213,0.23684210526315785,0.026315789473684213,0.026315789473684213,0.026315789473684213,0.026315789473684213,0.026315789473684213,0.026315789473684213,0.026315789473684213,0.026315789473684213,0.026315789473684213,0.026315789473684213
431,PRD
44,CATNODE,1,0.02083333333333334,0.02083333333333334,0.2708333333333333,0.02083333333333334,0.10416666666666666,0.02083333333333334,0.02083333333333334,0.02083333333333334,0.02083333333333334,0.02083333333333334,0.02083333333333334,0.02083333333333334,0.02083333333333334,0.02083333333333334,0.35416666666666663,0.02083333333333334
117,CATNODE,0,0.40476190476190477,0.02380952380952382,0.02380952380952382,0.02380952380952382,0.40476190476190477,0.02380952380952382,0.02380952380952382,0.02380952380952382,0.02380952380952382,0.02380952380952382
184,CATNODE,5,0.018867924528301893,0.018867924528301893,0.018867924528301893,0.018867924528301893,0.018867924528301893,0.018867924528301893,0.018867924528301893,0.018867924528301893,0.32075471698113206,0.018867924528301893,0.018867924528301893,0.018867924528301893,0.018867924528301893,0.018867924528301893,0.32075471698113206,0.018867924528301893,0.018867924528301893,0.018867924528301893,0.018867924528301893,0.018867924528301893,0.018867924528301893
251,CATNODE,3,0.021739130434782608,0.021739130434782608,0.021739130434782608,0.3695652173913044,0.021739130434782608,0.021739130434782608,0.021739130434782608,0.1956521739130435,0.021739130434782608,0.021739130434782608,0.1956521739130435,0.021739130434782608,0.021739130434782608,0.021739130434782608
362,CATNODE,2,0.02083333333333334,0.02083333333333334,0.4375,0.02083333333333334,0.02083333333333334,0.02083333333333334,0.02083333333333334,0.02083333333333334,0.10416666666666666,0.02083333333333334,0.02083333333333334,0.02083333333333334,0.02083333333333334,0.02083333333333334,0.1875,0.02083333333333334
363,CATNODE,4,0.13513513513513511,0.5675675675675675,0.027027027027027018,0.2432432432432432,0.027027027027027018
430,PRD
45,CATNODE,4,0.017543859649122806,0.08771929824561403,0.8596491228070177,0.017543859649122806,0.017543859649122806
118,CATNODE,2,0.014705882352941173,0.014705882352941173,0.014705882352941173,0.014705882352941173,0.014705882352941173,0.014705882352941173,0.014705882352941173,0.1323529411764706,0.014705882352941173,0.014705882352941173,0.014705882352941173,0.014705882352941173,0.07352941176470587,0.014705882352941173,0.6029411764705882,0.014705882352941173
185,CATNODE,3,0.07575757575757576,0.07575757575757576,0.25757575757575757,0.015151515151515157,0.015151515151515157,0.015151515151515157,0.015151515151515157,0.07575757575757576,0.13636363636363638,0.015151515151515157,0.015151515151515157,0.015151515151515157,0.015151515151515157,0.25757575757575757
252,CATNODE,0,0.016129032258064516,0.5967741935483872,0.016129032258064516,0.016129032258064516,0.016129032258064516,0.14516129032258066,0.016129032258064516,0.016129032258064516,0.14516129032258066,0.016129032258064516
364,CATNODE,1,0.5441176470588236,0.014705882352941173,0.014705882352941173,0.014705882352941173,0.014705882352941173,0.19117647058823528,0.014705882352941173,0.014705882352941173,0.014705882352941173,0.07352941176470587,0.014705882352941173,0.014705882352941173,0.014705882352941173,0.014705882352941173,0.014705882352941173,0.014705882352941173
365,CATNODE,5,0.5068493150684932,0.013698630136986304,0.013698630136986304,0.013698630136986304,0.013698630136986304,0.013698630136986304,0.013698630136986304,0.013698630136986304,0.013698630136986304,0.013698630136986304,0.23287671232876708,0.013698630136986304,0.013698630136986304,0.013698630136986304,0.013698630136986304,0.013698630136986304,0.013698630136986304,0.013698630136986304,0.013698630136986304,0.013698630136986304,0.013698630136986304
429,PRD
46,CATNODE,2,0.02083333333333334,0.02083333333333334,0.02083333333333334,0.02083333333333334,0.02083333333333334,0.02083333333333334,0.02083333333333334,0.02083333333333334,0.02083333333333334,0.2708333333333333,0.02083333333333334,0.02083333333333334,0.35416666666666663,0.10416666666666666,0.02083333333333334,0.02083333333333334
119,CATNODE,3,0.021739130434782608,0.021739130434782608,0.021739130434782608,0.021739130434782608,0.021739130434782608,0.021739130434782608,0.021739130434782608,0.5434782608695653,0.021739130434782608,0.021739130434782608,0.021739130434782608,0.021739130434782608,0.1956521739130435,0.021739130434782608
186,CATNODE,0,0.02380952380952382,0.30952380952380953,0.02380952380952382,0.30952380952380953,0.11904761904761905,0.02380952380952382,0.02380952380952382,0.11904761904761905,0.02380952380952382,0.02380952380952382
253,CATNODE,5,0.018867924528301893,0.018867924528301893,0.018867924528301893,0.018867924528301893,0.018867924528301893,0.018867924528301893,0.018867924528301893,0.018867924528301893,0.018867924528301893,0.6226415094339621,0.018867924528301893,0.018867924528301893,0.018867924528301893,0.018867924528301893,0.018867924528301893,0.018867924528301893,0.018867924528301893,0.018867924528301893,0.018867924528301893,0.018867924528301893,0.018867924528301893
366,CATNODE,4,0.13513513513513511,0.13513513513513511,0.5675675675675675,0.027027027027027018,0.13513513513513511
367,CATNODE,1,0.02083333333333334,0.02083333333333334,0.02083333333333334,0.02083333333333334,0.02083333333333334,0.4375,0.02083333333333334,0.02083333333333334,0.02083333333333334,0.02083333333333334,0.02083333333333334,0.02083333333333334,0.2708333333333333,0.02083333333333334,0.02083333333333334,0.02083333333333334
428,PRD
47,CATNODE,4,0.030303030303030318,0.030303030303030318,0.8787878787878789,0.030303030303030318,0.030303030303030318
120,CATNODE,1,0.02272727272727272,0.02272727272727272,0.2954545454545454,0.02272727272727272,0.02272727272727272,0.11363636363636362,0.02272727272727272,0.11363636363636362,0.02272727272727272,0.11363636363636362,0.02272727272727272,0.02272727272727272,0.11363636363636362,0.02272727272727272,0.02272727272727272,0.02272727272727272
187,CATNODE,5,0.020408163265306117,0.020408163265306117,0.020408163265306117,0.020408163265306117,0.020408163265306117,0.020408163265306117,0.020408163265306117,0.020408163265306117,0.020408163265306117,0.18367346938775508,0.020408163265306117,0.020408163265306117,0.020408163265306117,0.020408163265306117,0.020408163265306117,0.020408163265306117,0.020408163265306117,0.1020408163265306,0.020408163265306117,0.346938775510204,0.020408163265306117
254,CATNODE,3,0.02380952380952382,0.02380952380952382,0.02380952380952382,0.02380952380952382,0.02380952380952382,0.02380952380952382,0.02380952380952382,0.5000000000000001,0.02380952380952382,0.02380952380952382,0.2142857142857143,0.02380952380952382,0.02380952380952382,0.02380952380952382
368,CATNODE,0,0.7631578947368419,0.026315789473684213,0.026315789473684213,0.026315789473684213,0.026315789473684213,0.026315789473684213,0.026315789473684213,0.026315789473684213,0.026315789473684213,0.026315789473684213
369,CATNODE,2,0.11363636363636362,0.02272727272727272,0.02272727272727272,0.02272727272727272,0.02272727272727272,0.02272727272727272,0.02272727272727272,0.02272727272727272,0.5681818181818181,0.02272727272727272,0.02272727272727272,0.02272727272727272,0.02272727272727272,0.02272727272727272,0.02272727272727272,0.02272727272727272
427,PRD
48,CATNODE,5,0.030303030303030318,0.030303030303030318,0.15151515151515155,0.030303030303030318,0.030303030303030318,0.030303030303030318,0.030303030303030318,0.030303030303030318,0.030303030303030318,0.030303030303030318,0.030303030303030318,0.27272727272727276,0.030303030303030318,0.030303030303030318,0.030303030303030318,0.030303030303030318,0.030303030303030318,0.030303030303030318,0.030303030303030318,0.030303030303030318,0.030303030303030318
121,CATNODE,0,0.04545454545454544,0.04545454545454544,0.04545454545454544,0.04545454545454544,0.04545454545454544,0.04545454545454544,0.04545454545454544,0.5909090909090909,0.04545454545454544,0.04545454545454544
188,CATNODE,2,0.03571428571428572,0.03571428571428572,0.03571428571428572,0.03571428571428572,0.03571428571428572,0.17857142857142858,0.03571428571428572,0.32142857142857145,0.03571428571428572,0.03571428571428572,0.03571428571428572,0.03571428571428572,0.03571428571428572,0.03571428571428572,0.03571428571428572,0.03571428571428572
255,CATNODE,4,0.0588235294117647,0.7647058823529412,0.0588235294117647,0.0588235294117647,0.0588235294117647
370,CATNODE,3,0.03846153846153848,0.03846153846153848,0.03846153846153848,0.03846153846153848,0.3461538461538462,0.03846153846153848,0.03846153846153848,0.03846153846153848,0.19230769230769232,0.03846153846153848,0.03846153846153848,0.03846153846153848,0.03846153846153848,0.03846153846153848
371,CATNODE,1,0.03571428571428572,0.03571428571428572,0.03571428571428572,0.03571428571428572,0.17857142857142858,0.03571428571428572,0.03571428571428572,0.32142857142857145,0.03571428571428572,0.03571428571428572,0.03571428571428572,0.03571428571428572,0.03571428571428572,0.03571428571428572,0.03571428571428572,0.03571428571428572
426,PRD
49,CATNODE,4,0.6190476190476191,0.047619047619047616,0.047619047619047616,0.047619047619047616,0.23809523809523808
122,CATNODE,2,0.031250000000000014,0.031250000000000014,0.031250000000000014,0.031250000000000014,0.031250000000000014,0.031250000000000014,0.031250000000000014,0.15625000000000003,0.4062500000000001,0.031250000000000014,0.031250000000000014,0.031250000000000014,0.031250000000000014,0.031250000000000014,0.031250000000000014,0.031250000000000014
189,CATNODE,5,0.027027027027027018,0.027027027027027018,0.027027027027027018,0.027027027027027018,0.027027027027027018,0.2432432432432432,0.027027027027027018,0.027027027027027018,0.13513513513513511,0.027027027027027018,0.027027027027027018,0.027027027027027018,0.027027027027027018,0.13513513513513511,0.027027027027027018,0.027027027027027018,0.027027027027027018,0.027027027027027018,0.027027027027027018,0.027027027027027018,0.027027027027027018
256,CATNODE,3,0.03333333333333335,0.4333333333333334,0.03333333333333335,0.03333333333333335,0.03333333333333335,0.16666666666666669,0.03333333333333335,0.03333333333333335,0.03333333333333335,0.03333333333333335,0.03333333333333335,0.03333333333333335,0.03333333333333335,0.03333333333333335
372,CATNODE,0,0.3461538461538462,0.03846153846153848,0.03846153846153848,0.03846153846153848,0.03846153846153848,0.3461538461538462,0.03846153846153848,0.03846153846153848,0.03846153846153848,0.03846153846153848
373,CATNODE,1,0.031250000000000014,0.031250000000000014,0.031250000000000014,0.031250000000000014,0.031250000000000014,0.031250000000000014,0.031250000000000014,0.031250000000000014,0.031250000000000014,0.031250000000000014,0.031250000000000014,0.15625000000000003,0.28125000000000006,0.031250000000000014,0.15625000000000003,0.031250000000000014
425,PRD
50,CATNODE,0,0.16666666666666669,0.03333333333333335,0.03333333333333335,0.03333333333333335,0.5666666666666667,0.03333333333333335,0.03333333333333335,0.03333333333333335,0.03333333333333335,0.03333333333333335
123,CATNODE,3,0.02941176470588235,0.02941176470588235,0.02941176470588235,0.2647058823529412,0.02941176470588235,0.02941176470588235,0.3823529411764706,0.02941176470588235,0.02941176470588235,0.02941176470588235,0.02941176470588235,0.02941176470588235,0.02941176470588235,0.02941176470588235
190,CATNODE,1,0.02777777777777778,0.02777777777777778,0.24999999999999994,0.02777777777777778,0.02777777777777778,0.02777777777777778,0.13888888888888887,0.02777777777777778,0.13888888888888887,0.02777777777777778,0.02777777777777778,0.02777777777777778,0.13888888888888887,0.02777777777777778,0.02777777777777778,0.02777777777777778
257,CATNODE,5,0.024390243902439022,0.024390243902439022,0.024390243902439022,0.024390243902439022,0.024390243902439022,0.024390243902439022,0.12195121951219512,0.024390243902439022,0.024390243902439022,0.024390243902439022,0.024390243902439022,0.024390243902439022,0.024390243902439022,0.024390243902439022,0.4146341463414634,0.024390243902439022,0.024390243902439022,0.024390243902439022,0.024390243902439022,0.024390243902439022,0.024390243902439022
374,CATNODE,2,0.02777777777777778,0.02777777777777778,0.02777777777777778,0.36111111111111105,0.02777777777777778,0.02777777777777778,0.13888888888888887,0.02777777777777778,0.02777777777777778,0.02777777777777778,0.13888888888888887,0.02777777777777778,0.02777777777777778,0.02777777777777778,0.02777777777777778,0.02777777777777778
375,CATNODE,4,0.19999999999999998,0.03999999999999999,0.03999999999999999,0.6799999999999999,0.03999999999999999
424,PRD
51,CATNODE,3,0.019999999999999993,0.019999999999999993,0.09999999999999998,0.019999999999999993,0.019999999999999993,0.019999999999999993,0.019999999999999993,0.41999999999999993,0.019999999999999993,0.25999999999999995,0.019999999999999993,0.019999999999999993,0.019999999999999993,0.019999999999999993
124,CATNODE,5,0.017543859649122806,0.017543859649122806,0.017543859649122806,0.017543859649122806,0.017543859649122806,0.017543859649122806,0.017543859649122806,0.368421052631579,0.017543859649122806,0.017543859649122806,0.017543859649122806,0.017543859649122806,0.017543859649122806,0.017543859649122806,0.017543859649122806,0.15789473684210528,0.017543859649122806,0.017543859649122806,0.15789473684210528,0.017543859649122806,0.017543859649122806
191,CATNODE,4,0.12195121951219512,0.024390243902439022,0.024390243902439022,0.8048780487804876,0.024390243902439022
258,CATNODE,1,0.17307692307692307,0.019230769230769235,0.019230769230769235,0.25,0.019230769230769235,0.019230769230769235,0.019230769230769235,0.019230769230769235,0.019230769230769235,0.019230769230769235,0.019230769230769235,0.019230769230769235,0.09615384615384615,0.019230769230769235,0.019230769230769235,0.25
376,CATNODE,2,0.019230769230769235,0.019230769230769235,0.019230769230769235,0.09615384615384615,0.25,0.09615384615384615,0.019230769230769235,0.019230769230769235,0.019230769230769235,0.019230769230769235,0.019230769230769235,0.019230769230769235,0.019230769230769235,0.019230769230769235,0.019230769230769235,0.32692307692307687
377,CATNODE,0,0.3695652173913044,0.021739130434782608,0.021739130434782608,0.3695652173913044,0.021739130434782608,0.021739130434782608,0.10869565217391305,0.021739130434782608,0.021739130434782608,0.021739130434782608
423,PRD
52,CATNODE,4,0.03999999999999999,0.03999999999999999,0.03999999999999999,0.03999999999999999,0.84
125,CATNODE,3,0.02941176470588235,0.14705882352941177,0.02941176470588235,0.02941176470588235,0.02941176470588235,0.02941176470588235,0.02941176470588235,0.3823529411764706,0.02941176470588235,0.02941176470588235,0.02941176470588235,0.14705882352941177,0.02941176470588235,0.02941176470588235
192,CATNODE,1,0.02777777777777778,0.02777777777777778,0.5833333333333333,0.02777777777777778,0.02777777777777778,0.02777777777777778,0.02777777777777778,0.02777777777777778,0.02777777777777778,0.02777777777777778,0.02777777777777778,0.02777777777777778,0.02777777777777778,0.02777777777777778,0.02777777777777778,0.02777777777777778
259,CATNODE,0,0.5666666666666667,0.03333333333333335,0.16666666666666669,0.03333333333333335,0.03333333333333335,0.03333333333333335,0.03333333333333335,0.03333333333333335,0.03333333333333335,0.03333333333333335
378,CATNODE,2,0.02777777777777778,0.02777777777777778,0.02777777777777778,0.13888888888888887,0.24999999999999994,0.02777777777777778,0.02777777777777778,0.02777777777777778,0.02777777777777778,0.02777777777777778,0.02777777777777778,0.02777777777777778,0.02777777777777778,0.24999999999999994,0.02777777777777778,0.02777777777777778
379,CATNODE,5,0.024390243902439022,0.024390243902439022,0.024390243902439022,0.024390243902439022,0.024390243902439022,0.024390243902439022,0.024390243902439022,0.024390243902439022,0.024390243902439022,0.024390243902439022,0.024390243902439022,0.024390243902439022,0.024390243902439022,0.12195121951219512,0.024390243902439022,0.024390243902439022,0.024390243902439022,0.12195121951219512,0.12195121951219512,0.21951219512195122,0.024390243902439022
422,PRD
53,CATNODE,4,0.0819672131147541,0.016393442622950817,0.8688524590163935,0.016393442622950817,0.016393442622950817
126,CATNODE,5,0.7402597402597402,0.012987012987012983,0.012987012987012983,0.012987012987012983,0.012987012987012983,0.012987012987012983,0.012987012987012983,0.012987012987012983,0.012987012987012983,0.012987012987012983,0.012987012987012983,0.012987012987012983,0.012987012987012983,0.012987012987012983,0.012987012987012983,0.012987012987012983,0.012987012987012983,0.012987012987012983,0.012987012987012983,0.012987012987012983,0.012987012987012983
193,CATNODE,1,0.5694444444444445,0.013888888888888888,0.06944444444444445,0.013888888888888888,0.013888888888888888,0.06944444444444445,0.06944444444444445,0.013888888888888888,0.013888888888888888,0.013888888888888888,0.013888888888888888,0.013888888888888888,0.013888888888888888,0.013888888888888888,0.06944444444444445,0.013888888888888888
260,CATNODE,2,0.013888888888888888,0.06944444444444445,0.013888888888888888,0.013888888888888888,0.013888888888888888,0.06944444444444445,0.013888888888888888,0.013888888888888888,0.013888888888888888,0.013888888888888888,0.013888888888888888,0.013888888888888888,0.013888888888888888,0.06944444444444445,0.6250000000000002,0.013888888888888888
380,CATNODE,3,0.01428571428571428,0.07142857142857141,0.01428571428571428,0.07142857142857141,0.01428571428571428,0.01428571428571428,0.01428571428571428,0.01428571428571428,0.2428571428571428,0.01428571428571428,0.01428571428571428,0.07142857142857141,0.01428571428571428,0.4142857142857142
381,CATNODE,0,0.015151515151515157,0.015151515151515157,0.015151515151515157,0.015151515151515157,0.015151515151515157,0.015151515151515157,0.015151515151515157,0.015151515151515157,0.015151515151515157,0.8636363636363636
421,PRD
54,CATNODE,4,0.39393939393939403,0.030303030303030318,0.5151515151515152,0.030303030303030318,0.030303030303030318
127,CATNODE,2,0.02272727272727272,0.02272727272727272,0.02272727272727272,0.02272727272727272,0.02272727272727272,0.02272727272727272,0.02272727272727272,0.11363636363636362,0.02272727272727272,0.02272727272727272,0.20454545454545453,0.02272727272727272,0.11363636363636362,0.2954545454545454,0.02272727272727272,0.02272727272727272
194,CATNODE,1,0.02272727272727272,0.02272727272727272,0.02272727272727272,0.02272727272727272,0.02272727272727272,0.02272727272727272,0.02272727272727272,0.02272727272727272,0.2954545454545454,0.02272727272727272,0.11363636363636362,0.02272727272727272,0.20454545454545453,0.02272727272727272,0.02272727272727272,0.11363636363636362
261,CATNODE,5,0.020408163265306117,0.020408163265306117,0.020408163265306117,0.020408163265306117,0.42857142857142855,0.020408163265306117,0.020408163265306117,0.020408163265306117,0.1020408163265306,0.020408163265306117,0.020408163265306117,0.020408163265306117,0.1020408163265306,0.020408163265306117,0.020408163265306117,0.020408163265306117,0.020408163265306117,0.020408163265306117,0.020408163265306117,0.020408163265306117,0.020408163265306117
382,CATNODE,0,0.026315789473684213,0.5526315789473684,0.026315789473684213,0.026315789473684213,0.026315789473684213,0.026315789473684213,0.026315789473684213,0.13157894736842102,0.026315789473684213,0.13157894736842102
383,CATNODE,3,0.02380952380952382,0.02380952380952382,0.11904761904761905,0.02380952380952382,0.02380952380952382,0.02380952380952382,0.02380952380952382,0.40476190476190477,0.02380952380952382,0.02380952380952382,0.2142857142857143,0.02380952380952382,0.02380952380952382,0.02380952380952382
420,PRD
55,CATNODE,0,0.5666666666666667,0.16666666666666669,0.03333333333333335,0.03333333333333335,0.03333333333333335,0.03333333333333335,0.03333333333333335,0.03333333333333335,0.03333333333333335,0.03333333333333335
128,CATNODE,3,0.02941176470588235,0.14705882352941177,0.02941176470588235,0.02941176470588235,0.02941176470588235,0.14705882352941177,0.02941176470588235,0.2647058823529412,0.02941176470588235,0.02941176470588235,0.14705882352941177,0.02941176470588235,0.02941176470588235,0.02941176470588235
195,CATNODE,1,0.13888888888888887,0.02777777777777778,0.02777777777777778,0.02777777777777778,0.4722222222222221,0.02777777777777778,0.02777777777777778,0.02777777777777778,0.02777777777777778,0.02777777777777778,0.02777777777777778,0.02777777777777778,0.02777777777777778,0.02777777777777778,0.02777777777777778,0.02777777777777778
262,CATNODE,5,0.024390243902439022,0.024390243902439022,0.024390243902439022,0.024390243902439022,0.21951219512195122,0.024390243902439022,0.024390243902439022,0.024390243902439022,0.024390243902439022,0.12195121951219512,0.024390243902439022,0.024390243902439022,0.024390243902439022,0.21951219512195122,0.024390243902439022,0.024390243902439022,0.024390243902439022,0.024390243902439022,0.024390243902439022,0.024390243902439022,0.024390243902439022
384,CATNODE,2,0.02777777777777778,0.02777777777777778,0.02777777777777778,0.24999999999999994,0.02777777777777778,0.02777777777777778,0.02777777777777778,0.02777777777777778,0.02777777777777778,0.02777777777777778,0.02777777777777778,0.02777777777777778,0.02777777777777778,0.02777777777777778,0.13888888888888887,0.24999999999999994
385,CATNODE,4,0.03999999999999999,0.03999999999999999,0.84,0.03999999999999999,0.03999999999999999
419,PRD
56,CATNODE,2,0.20833333333333334,0.04166666666666668,0.04166666666666668,0.04166666666666668,0.04166666666666668,0.04166666666666668,0.04166666666666668,0.04166666666666668,0.04166666666666668,0.04166666666666668,0.20833333333333334,0.04166666666666668,0.04166666666666668,0.04166666666666668,0.04166666666666668,0.04166666666666668
129,CATNODE,0,0.055555555555555566,0.055555555555555566,0.055555555555555566,0.49999999999999994,0.055555555555555566,0.055555555555555566,0.055555555555555566,0.055555555555555566,0.055555555555555566,0.055555555555555566
196,CATNODE,4,0.6923076923076923,0.07692307692307693,0.07692307692307693,0.07692307692307693,0.07692307692307693
263,CATNODE,1,0.04166666666666668,0.04166666666666668,0.04166666666666668,0.20833333333333334,0.04166666666666668,0.20833333333333334,0.04166666666666668,0.04166666666666668,0.04166666666666668,0.04166666666666668,0.04166666666666668,0.04166666666666668,0.04166666666666668,0.04166666666666668,0.04166666666666668,0.04166666666666668
386,CATNODE,5,0.03448275862068967,0.03448275862068967,0.03448275862068967,0.03448275862068967,0.03448275862068967,0.03448275862068967,0.03448275862068967,0.03448275862068967,0.1724137931034483,0.03448275862068967,0.03448275862068967,0.03448275862068967,0.03448275862068967,0.03448275862068967,0.03448275862068967,0.1724137931034483,0.03448275862068967,0.03448275862068967,0.03448275862068967,0.03448275862068967,0.03448275862068967
387,CATNODE,3,0.04545454545454544,0.04545454545454544,0.04545454545454544,0.40909090909090906,0.04545454545454544,0.04545454545454544,0.04545454545454544,0.04545454545454544,0.04545454545454544,0.04545454545454544,0.04545454545454544,0.04545454545454544,0.04545454545454544,0.04545454545454544
418,PRD
57,CATNODE,4,0.22077922077922074,0.012987012987012983,0.7402597402597402,0.012987012987012983,0.012987012987012983
130,CATNODE,2,0.011363636363636359,0.011363636363636359,0.011363636363636359,0.0568181818181818,0.0568181818181818,0.011363636363636359,0.011363636363636359,0.10227272727272725,0.011363636363636359,0.011363636363636359,0.011363636363636359,0.011363636363636359,0.011363636363636359,0.011363636363636359,0.6477272727272726,0.011363636363636359
197,CATNODE,3,0.011627906976744191,0.011627906976744191,0.011627906976744191,0.011627906976744191,0.011627906976744191,0.011627906976744191,0.011627906976744191,0.5232558139534885,0.058139534883720936,0.2906976744186047,0.011627906976744191,0.011627906976744191,0.011627906976744191,0.011627906976744191
264,CATNODE,0,0.49999999999999994,0.01219512195121951,0.01219512195121951,0.35365853658536583,0.06097560975609755,0.01219512195121951,0.01219512195121951,0.01219512195121951,0.01219512195121951,0.01219512195121951
388,CATNODE,5,0.010752688172043006,0.010752688172043006,0.010752688172043006,0.010752688172043006,0.010752688172043006,0.010752688172043006,0.13978494623655913,0.010752688172043006,0.010752688172043006,0.010752688172043006,0.010752688172043006,0.010752688172043006,0.010752688172043006,0.010752688172043006,0.010752688172043006,0.010752688172043006,0.010752688172043006,0.18279569892473113,0.010752688172043006,0.48387096774193544,0.010752688172043006
389,CATNODE,1,0.011363636363636359,0.011363636363636359,0.011363636363636359,0.2386363636363636,0.0568181818181818,0.4204545454545454,0.10227272727272725,0.0568181818181818,0.011363636363636359,0.011363636363636359,0.011363636363636359,0.011363636363636359,0.011363636363636359,0.011363636363636359,0.011363636363636359,0.011363636363636359
417,PRD
58,CATNODE,2,0.03571428571428572,0.03571428571428572,0.46428571428571436,0.03571428571428572,0.03571428571428572,0.03571428571428572,0.03571428571428572,0.03571428571428572,0.03571428571428572,0.03571428571428572,0.03571428571428572,0.03571428571428572,0.03571428571428572,0.03571428571428572,0.03571428571428572,0.03571428571428572
131,CATNODE,4,0.0588235294117647,0.0588235294117647,0.29411764705882354,0.5294117647058824,0.0588235294117647
198,CATNODE,0,0.04545454545454544,0.04545454545454544,0.04545454545454544,0.04545454545454544,0.04545454545454544,0.22727272727272727,0.04545454545454544,0.40909090909090906,0.04545454545454544,0.04545454545454544
265,CATNODE,5,0.030303030303030318,0.030303030303030318,0.030303030303030318,0.030303030303030318,0.030303030303030318,0.030303030303030318,0.030303030303030318,0.030303030303030318,0.030303030303030318,0.030303030303030318,0.030303030303030318,0.030303030303030318,0.030303030303030318,0.030303030303030318,0.39393939393939403,0.030303030303030318,0.030303030303030318,0.030303030303030318,0.030303030303030318,0.030303030303030318,0.030303030303030318
390,CATNODE,3,0.03846153846153848,0.03846153846153848,0.03846153846153848,0.03846153846153848,0.03846153846153848,0.03846153846153848,0.03846153846153848,0.03846153846153848,0.03846153846153848,0.03846153846153848,0.03846153846153848,0.03846153846153848,0.5000000000000001,0.03846153846153848
391,CATNODE,1,0.17857142857142858,0.03571428571428572,0.17857142857142858,0.03571428571428572,0.03571428571428572,0.03571428571428572,0.03571428571428572,0.03571428571428572,0.03571428571428572,0.17857142857142858,0.03571428571428572,0.03571428571428572,0.03571428571428572,0.03571428571428572,0.03571428571428572,0.03571428571428572
416,PRD
59,CATNODE,5,0.016393442622950817,0.016393442622950817,0.016393442622950817,0.016393442622950817,0.016393442622950817,0.016393442622950817,0.0819672131147541,0.016393442622950817,0.016393442622950817,0.016393442622950817,0.016393442622950817,0.540983606557377,0.016393442622950817,0.016393442622950817,0.016393442622950817,0.016393442622950817,0.016393442622950817,0.0819672131147541,0.016393442622950817,0.016393442622950817,0.016393442622950817
132,CATNODE,4,0.11111111111111109,0.022222222222222227,0.19999999999999998,0.022222222222222227,0.6444444444444443
199,CATNODE,2,0.017857142857142867,0.017857142857142867,0.017857142857142867,0.3750000000000001,0.017857142857142867,0.017857142857142867,0.0892857142857143,0.017857142857142867,0.017857142857142867,0.017857142857142867,0.017857142857142867,0.017857142857142867,0.017857142857142867,0.017857142857142867,0.3035714285714286,0.017857142857142867
266,CATNODE,3,0.09259259259259259,0.018518518518518517,0.018518518518518517,0.018518518518518517,0.6851851851851853,0.018518518518518517,0.018518518518518517,0.018518518518518517,0.018518518518518517,0.018518518518518517,0.018518518518518517,0.018518518518518517,0.018518518518518517,0.018518518518518517
392,CATNODE,1,0.017857142857142867,0.017857142857142867,0.017857142857142867,0.16071428571428575,0.017857142857142867,0.2321428571428572,0.017857142857142867,0.017857142857142867,0.16071428571428575,0.0892857142857143,0.0892857142857143,0.017857142857142867,0.017857142857142867,0.017857142857142867,0.0892857142857143,0.017857142857142867
393,CATNODE,0,0.019999999999999993,0.019999999999999993,0.019999999999999993,0.019999999999999993,0.019999999999999993,0.019999999999999993,0.8199999999999998,0.019999999999999993,0.019999999999999993,0.019999999999999993
415,PRD
60,CATNODE,0,0.026315789473684213,0.026315789473684213,0.026315789473684213,0.026315789473684213,0.026315789473684213,0.7631578947368419,0.026315789473684213,0.026315789473684213,0.026315789473684213,0.026315789473684213
133,CATNODE,2,0.20454545454545453,0.02272727272727272,0.02272727272727272,0.02272727272727272,0.02272727272727272,0.11363636363636362,0.02272727272727272,0.02272727272727272,0.11363636363636362,0.02272727272727272,0.11363636363636362,0.02272727272727272,0.02272727272727272,0.02272727272727272,0.02272727272727272,0.20454545454545453
200,CATNODE,3,0.02380952380952382,0.02380952380952382,0.02380952380952382,0.02380952380952382,0.02380952380952382,0.02380952380952382,0.02380952380952382,0.02380952380952382,0.02380952380952382,0.02380952380952382,0.11904761904761905,0.02380952380952382,0.02380952380952382,0.5952380952380953
267,CATNODE,5,0.020408163265306117,0.020408163265306117,0.020408163265306117,0.020408163265306117,0.020408163265306117,0.42857142857142855,0.020408163265306117,0.020408163265306117,0.020408163265306117,0.020408163265306117,0.18367346938775508,0.020408163265306117,0.020408163265306117,0.020408163265306117,0.020408163265306117,0.020408163265306117,0.020408163265306117,0.020408163265306117,0.020408163265306117,0.020408163265306117,0.020408163265306117
394,CATNODE,4,0.15151515151515155,0.030303030303030318,0.7575757575757578,0.030303030303030318,0.030303030303030318
395,CATNODE,1,0.02272727272727272,0.02272727272727272,0.02272727272727272,0.02272727272727272,0.02272727272727272,0.11363636363636362,0.02272727272727272,0.11363636363636362,0.11363636363636362,0.02272727272727272,0.20454545454545453,0.02272727272727272,0.11363636363636362,0.02272727272727272,0.11363636363636362,0.02272727272727272
414,PRD
61,CATNODE,2,0.019230769230769235,0.019230769230769235,0.019230769230769235,0.019230769230769235,0.019230769230769235,0.019230769230769235,0.019230769230769235,0.019230769230769235,0.019230769230769235,0.09615384615384615,0.09615384615384615,0.019230769230769235,0.5576923076923077,0.019230769230769235,0.019230769230769235,0.019230769230769235
134,CATNODE,3,0.019999999999999993,0.019999999999999993,0.019999999999999993,0.019999999999999993,0.019999999999999993,0.019999999999999993,0.019999999999999993,0.41999999999999993,0.09999999999999998,0.019999999999999993,0.019999999999999993,0.019999999999999993,0.25999999999999995,0.019999999999999993
201,CATNODE,1,0.25,0.019230769230769235,0.019230769230769235,0.019230769230769235,0.019230769230769235,0.019230769230769235,0.019230769230769235,0.32692307692307687,0.019230769230769235,0.019230769230769235,0.019230769230769235,0.019230769230769235,0.019230769230769235,0.019230769230769235,0.019230769230769235,0.17307692307692307
268,CATNODE,0,0.717391304347826,0.10869565217391305,0.021739130434782608,0.021739130434782608,0.021739130434782608,0.021739130434782608,0.021739130434782608,0.021739130434782608,0.021739130434782608,0.021739130434782608
396,CATNODE,4,0.024390243902439022,0.024390243902439022,0.024390243902439022,0.12195121951219512,0.8048780487804876
397,CATNODE,5,0.017543859649122806,0.017543859649122806,0.017543859649122806,0.017543859649122806,0.368421052631579,0.017543859649122806,0.017543859649122806,0.08771929824561403,0.017543859649122806,0.2280701754385965,0.017543859649122806,0.017543859649122806,0.017543859649122806,0.017543859649122806,0.017543859649122806,0.017543859649122806,0.017543859649122806,0.017543859649122806,0.017543859649122806,0.017543859649122806,0.017543859649122806
413,PRD
62,CATNODE,2,0.04166666666666668,0.04166666666666668,0.04166666666666668,0.04166666666666668,0.04166666666666668,0.04166666666666668,0.04166666666666668,0.20833333333333334,0.04166666666666668,0.04166666666666668,0.04166666666666668,0.04166666666666668,0.04166666666666668,0.04166666666666668,0.04166666666666668,0.20833333333333334
135,CATNODE,4,0.07692307692307693,0.07692307692307693,0.6923076923076923,0.07692307692307693,0.07692307692307693
202,CATNODE,0,0.27777777777777773,0.055555555555555566,0.055555555555555566,0.27777777777777773,0.055555555555555566,0.055555555555555566,0.055555555555555566,0.055555555555555566,0.055555555555555566,0.055555555555555566
269,CATNODE,1,0.04166666666666668,0.04166666666666668,0.04166666666666668,0.04166666666666668,0.04166666666666668,0.04166666666666668,0.04166666666666668,0.04166666666666668,0.04166666666666668,0.04166666666666668,0.04166666666666668,0.04166666666666668,0.04166666666666668,0.04166666666666668,0.04166666666666668,0.375
398,CATNODE,3,0.04545454545454544,0.04545454545454544,0.04545454545454544,0.40909090909090906,0.04545454545454544,0.04545454545454544,0.04545454545454544,0.04545454545454544,0.04545454545454544,0.04545454545454544,0.04545454545454544,0.04545454545454544,0.04545454545454544,0.04545454545454544
399,CATNODE,5,0.03448275862068967,0.03448275862068967,0.03448275862068967,0.03448275862068967,0.03448275862068967,0.03448275862068967,0.03448275862068967,0.03448275862068967,0.1724137931034483,0.03448275862068967,0.03448275862068967,0.03448275862068967,0.03448275862068967,0.03448275862068967,0.03448275862068967,0.1724137931034483,0.03448275862068967,0.03448275862068967,0.03448275862068967,0.03448275862068967,0.03448275862068967
412,PRD
63,CATNODE,1,0.02777777777777778,0.5833333333333333,0.02777777777777778,0.02777777777777778,0.02777777777777778,0.02777777777777778,0.02777777777777778,0.02777777777777778,0.02777777777777778,0.02777777777777778,0.02777777777777778,0.02777777777777778,0.02777777777777778,0.02777777777777778,0.02777777777777778,0.02777777777777778
136,CATNODE,4,0.84,0.03999999999999999,0.03999999999999999,0.03999999999999999,0.03999999999999999
203,CATNODE,3,0.02941176470588235,0.02941176470588235,0.02941176470588235,0.02941176470588235,0.02941176470588235,0.02941176470588235,0.02941176470588235,0.49999999999999994,0.02941176470588235,0.02941176470588235,0.14705882352941177,0.02941176470588235,0.02941176470588235,0.02941176470588235
270,CATNODE,5,0.024390243902439022,0.024390243902439022,0.024390243902439022,0.024390243902439022,0.12195121951219512,0.024390243902439022,0.024390243902439022,0.024390243902439022,0.12195121951219512,0.024390243902439022,0.024390243902439022,0.12195121951219512,0.024390243902439022,0.024390243902439022,0.024390243902439022,0.21951219512195122,0.024390243902439022,0.024390243902439022,0.024390243902439022,0.024390243902439022,0.024390243902439022
400,CATNODE,2,0.02777777777777778,0.02777777777777778,0.02777777777777778,0.02777777777777778,0.02777777777777778,0.02777777777777778,0.24999999999999994,0.02777777777777778,0.13888888888888887,0.02777777777777778,0.02777777777777778,0.02777777777777778,0.02777777777777778,0.02777777777777778,0.02777777777777778,0.24999999999999994
401,CATNODE,0,0.7000000000000001,0.03333333333333335,0.03333333333333335,0.03333333333333335,0.03333333333333335,0.03333333333333335,0.03333333333333335,0.03333333333333335,0.03333333333333335,0.03333333333333335
411,PRD
64,CATNODE,5,0.03448275862068967,0.03448275862068967,0.03448275862068967,0.03448275862068967,0.03448275862068967,0.03448275862068967,0.03448275862068967,0.03448275862068967,0.03448275862068967,0.03448275862068967,0.03448275862068967,0.03448275862068967,0.1724137931034483,0.03448275862068967,0.03448275862068967,0.03448275862068967,0.1724137931034483,0.03448275862068967,0.03448275862068967,0.03448275862068967,0.03448275862068967
137,CATNODE,2,0.04166666666666668,0.04166666666666668,0.20833333333333334,0.20833333333333334,0.04166666666666668,0.04166666666666668,0.04166666666666668,0.04166666666666668,0.04166666666666668,0.04166666666666668,0.04166666666666668,0.04166666666666668,0.04166666666666668,0.04166666666666668,0.04166666666666668,0.04166666666666668
204,CATNODE,3,0.04545454545454544,0.04545454545454544,0.22727272727272727,0.04545454545454544,0.04545454545454544,0.04545454545454544,0.04545454545454544,0.04545454545454544,0.04545454545454544,0.04545454545454544,0.22727272727272727,0.04545454545454544,0.04545454545454544,0.04545454545454544
271,CATNODE,4,0.07692307692307693,0.07692307692307693,0.07692307692307693,0.07692307692307693,0.6923076923076923
402,CATNODE,0,0.055555555555555566,0.055555555555555566,0.055555555555555566,0.27777777777777773,0.055555555555555566,0.055555555555555566,0.055555555555555566,0.27777777777777773,0.055555555555555566,0.055555555555555566
403,CATNODE,1,0.04166666666666668,0.375,0.04166666666666668,0.04166666666666668,0.04166666666666668,0.04166666666666668,0.04166666666666668,0.04166666666666668,0.04166666666666668,0.04166666666666668,0.04166666666666668,0.04166666666666668,0.04166666666666668,0.04166666666666668,0.04166666666666668,0.04166666666666668
410,PRD
65,CATNODE,2,0.031250000000000014,0.031250000000000014,0.031250000000000014,0.031250000000000014,0.031250000000000014,0.031250000000000014,0.031250000000000014,0.031250000000000014,0.031250000000000014,0.031250000000000014,0.4062500000000001,0.031250000000000014,0.031250000000000014,0.031250000000000014,0.031250000000000014,0.15625000000000003
138,CATNODE,3,0.03333333333333335,0.03333333333333335,0.30000000000000004,0.03333333333333335,0.03333333333333335,0.03333333333333335,0.03333333333333335,0.03333333333333335,0.03333333333333335,0.16666666666666669,0.03333333333333335,0.16666666666666669,0.03333333333333335,0.03333333333333335
205,CATNODE,5,0.2432432432432432,0.027027027027027018,0.027027027027027018,0.027027027027027018,0.027027027027027018,0.027027027027027018,0.027027027027027018,0.13513513513513511,0.13513513513513511,0.027027027027027018,0.027027027027027018,0.027027027027027018,0.027027027027027018,0.027027027027027018,0.027027027027027018,0.027027027027027018,0.027027027027027018,0.027027027027027018,0.027027027027027018,0.027027027027027018,0.027027027027027018
272,CATNODE,0,0.3461538461538462,0.03846153846153848,0.19230769230769232,0.03846153846153848,0.03846153846153848,0.03846153846153848,0.03846153846153848,0.03846153846153848,0.03846153846153848,0.19230769230769232
404,CATNODE,1,0.031250000000000014,0.031250000000000014,0.031250000000000014,0.031250000000000014,0.031250000000000014,0.031250000000000014,0.031250000000000014,0.031250000000000014,0.031250000000000014,0.031250000000000014,0.28125000000000006,0.031250000000000014,0.031250000000000014,0.031250000000000014,0.28125000000000006,0.031250000000000014
405,CATNODE,4,0.8095238095238094,0.047619047619047616,0.047619047619047616,0.047619047619047616,0.047619047619047616
409,PRD
66,CATNODE,0,0.27777777777777773,0.27777777777777773,0.055555555555555566,0.055555555555555566,0.055555555555555566,0.055555555555555566,0.055555555555555566,0.055555555555555566,0.055555555555555566,0.055555555555555566
139,CATNODE,3,0.04545454545454544,0.04545454545454544,0.04545454545454544,0.04545454545454544,0.04545454545454544,0.04545454545454544,0.22727272727272727,0.04545454545454544,0.22727272727272727,0.04545454545454544,0.04545454545454544,0.04545454545454544,0.04545454545454544,0.04545454545454544
206,CATNODE,1,0.04166666666666668,0.04166666666666668,0.04166666666666668,0.04166666666666668,0.20833333333333334,0.04166666666666668,0.04166666666666668,0.04166666666666668,0.04166666666666668,0.04166666666666668,0.20833333333333334,0.04166666666666668,0.04166666666666668,0.04166666666666668,0.04166666666666668,0.04166666666666668
273,CATNODE,5,0.03448275862068967,0.03448275862068967,0.03448275862068967,0.1724137931034483,0.03448275862068967,0.03448275862068967,0.03448275862068967,0.03448275862068967,0.03448275862068967,0.03448275862068967,0.03448275862068967,0.03448275862068967,0.03448275862068967,0.03448275862068967,0.03448275862068967,0.1724137931034483,0.03448275862068967,0.03448275862068967,0.03448275862068967,0.03448275862068967,0.03448275862068967
406,CATNODE,4,0.07692307692307693,0.07692307692307693,0.07692307692307693,0.6923076923076923,0.07692307692307693
407,CATNODE,2,0.04166666666666668,0.04166666666666668,0.04166666666666668,0.04166666666666668,0.04166666666666668,0.04166666666666668,0.04166666666666668,0.04166666666666668,0.04166666666666668,0.04166666666666668,0.04166666666666668,0.04166666666666668,0.04166666666666668,0.04166666666666668,0.04166666666666668,0.375
408,PRD
67,CATNODE,0,0.07142857142857141,0.07142857142857141,0.3571428571428571,0.07142857142857141,0.07142857142857141,0.07142857142857141,0.07142857142857141,0.07142857142857141,0.07142857142857141,0.07142857142857141
68,CATNODE,1,0.05000000000000001,0.05000000000000001,0.05000000000000001,0.05000000000000001,0.05000000000000001,0.05000000000000001,0.05000000000000001,0.05000000000000001,0.05000000000000001,0.05000000000000001,0.05000000000000001,0.05000000000000001,0.25,0.05000000000000001,0.05000000000000001,0.05000000000000001
69,CATNODE,2,0.05000000000000001,0.05000000000000001,0.05000000000000001,0.05000000000000001,0.05000000000000001,0.05000000000000001,0.05000000000000001,0.05000000000000001,0.05000000000000001,0.25,0.05000000000000001,0.05000000000000001,0.05000000000000001,0.05000000000000001,0.05000000000000001,0.05000000000000001
70,CATNODE,3,0.055555555555555566,0.055555555555555566,0.055555555555555566,0.055555555555555566,0.055555555555555566,0.055555555555555566,0.055555555555555566,0.055555555555555566,0.055555555555555566,0.055555555555555566,0.27777777777777773,0.055555555555555566,0.055555555555555566,0.055555555555555566
71,CATNODE,4,0.11111111111111115,0.11111111111111115,0.11111111111111115,0.5555555555555556,0.11111111111111115
72,CATNODE,5,0.03999999999999999,0.03999999999999999,0.03999999999999999,0.03999999999999999,0.03999999999999999,0.03999999999999999,0.03999999999999999,0.03999999999999999,0.03999999999999999,0.03999999999999999,0.03999999999999999,0.03999999999999999,0.03999999999999999,0.03999999999999999,0.03999999999999999,0.03999999999999999,0.03999999999999999,0.03999999999999999,0.19999999999999998,0.03999999999999999,0.03999999999999999
##EDGES##
476,475,0.039473684210526314
476,474,0.04757085020242915
476,473,0.03137651821862348
476,472,0.0354251012145749
476,471,0.05668016194331984
476,470,0.029352226720647773
476,469,0.032388663967611336
476,468,0.03137651821862348
476,467,0.01417004048582996
476,466,0.029352226720647773
476,465,0.01720647773279352
476,464,0.03137651821862348
476,463,0.04149797570850203
476,462,0.019230769230769232
476,461,0.01417004048582996
476,460,0.04251012145748988
476,459,0.01720647773279352
476,458,0.008097165991902834
476,457,0.009109311740890687
476,456,0.025303643724696356
476,455,0.009109311740890687
476,454,0.004048582995951417
476,453,0.024291497975708502
476,452,0.011133603238866396
476,451,0.02834008097165992
476,450,0.02327935222672065
476,449,0.015182186234817813
476,448,0.003036437246963563
476,447,0.025303643724696356
476,446,0.010121457489878543
476,445,0.005060728744939271
476,444,0.00708502024291498
476,443,0.003036437246963563
476,442,0.018218623481781375
476,441,0.010121457489878543
476,440,0.006072874493927126
476,439,0.003036437246963563
476,438,0.013157894736842105
476,437,0.010121457489878543
476,436,0.011133603238866396
476,435,0.008097165991902834
476,434,0.012145748987854251
476,433,0.005060728744939271
476,432,0.006072874493927126
476,431,0.008097165991902834
476,430,0.013157894736842105
476,429,0.008097165991902834
476,428,0.00708502024291498
476,427,0.003036437246963563
476,426,0.004048582995951417
476,425,0.005060728744939271
476,424,0.009109311740890687
476,423,0.005060728744939271
476,422,0.01417004048582996
476,421,0.00708502024291498
476,420,0.005060728744939271
476,419,0.0020242914979757085
476,418,0.018218623481781375
476,417,0.003036437246963563
476,416,0.010121457489878543
476,415,0.00708502024291498
476,414,0.009109311740890687
476,413,0.0020242914979757085
476,412,0.005060728744939271
476,411,0.0020242914979757085
476,410,0.004048582995951417
476,409,0.0020242914979757085
476,408,0.0010121457489878543
475,0
475,73
475,140
475,207
475,274
475,275
474,1
474,74
474,141
474,208
474,276
474,277
473,2
473,75
473,142
473,209
473,278
473,279
472,3
472,76
472,143
472,210
472,280
472,281
471,4
471,77
471,144
471,211
471,282
471,283
470,5
470,78
470,145
470,212
470,284
470,285
469,6
469,79
469,146
469,213
469,286
469,287
468,7
468,80
468,147
468,214
468,288
468,289
467,8
467,81
467,148
467,215
467,290
467,291
466,9
466,82
466,149
466,216
466,292
466,293
465,10
465,83
465,150
465,217
465,294
465,295
464,11
464,84
464,151
464,218
464,296
464,297
463,12
463,85
463,152
463,219
463,298
463,299
462,13
462,86
462,153
462,220
462,300
462,301
461,14
461,87
461,154
461,221
461,302
461,303
460,15
460,88
460,155
460,222
460,304
460,305
459,16
459,89
459,156
459,223
459,306
459,307
458,17
458,90
458,157
458,224
458,308
458,309
457,18
457,91
457,158
457,225
457,310
457,311
456,19
456,92
456,159
456,226
456,312
456,313
455,20
455,93
455,160
455,227
455,314
455,315
454,21
454,94
454,161
454,228
454,316
454,317
453,22
453,95
453,162
453,229
453,318
453,319
452,23
452,96
452,163
452,230
452,320
452,321
451,24
451,97
451,164
451,231
451,322
451,323
450,25
450,98
450,165
450,232
450,324
450,325
449,26
449,99
449,166
449,233
449,326
449,327
448,27
448,100
448,167
448,234
448,328
448,329
447,28
447,101
447,168
447,235
447,330
447,331
446,29
446,102
446,169
446,236
446,332
446,333
445,30
445,103
445,170
445,237
445,334
445,335
444,31
444,104
444,171
444,238
444,336
444,337
443,32
443,105
443,172
443,239
443,338
443,339
442,33
442,106
442,173
442,240
442,340
442,341
441,34
441,107
441,174
441,241
441,342
441,343
440,35
440,108
440,175
440,242
440,344
440,345
439,36
439,109
439,176
439,243
439,346
439,347
438,37
438,110
438,177
438,244
438,348
438,349
437,38
437,111
437,178
437,245
437,350
437,351
436,39
436,112
436,179
436,246
436,352
436,353
435,40
435,113
435,180
435,247
435,354
435,355
434,41
434,114
434,181
434,248
434,356
434,357
433,42
433,115
433,182
433,249
433,358
433,359
432,43
432,116
432,183
432,250
432,360
432,361
431,44
431,117
431,184
431,251
431,362
431,363
430,45
430,118
430,185
430,252
430,364
430,365
429,46
429,119
429,186
429,253
429,366
429,367
428,47
428,120
428,187
428,254
428,368
428,369
427,48
427,121
427,188
427,255
427,370
427,371
426,49
426,122
426,189
426,256
426,372
426,373
425,50
425,123
425,190
425,257
425,374
425,375
424,51
424,124
424,191
424,258
424,376
424,377
423,52
423,125
423,192
423,259
423,378
423,379
422,53
422,126
422,193
422,260
422,380
422,381
421,54
421,127
421,194
421,261
421,382
421,383
420,55
420,128
420,195
420,262
420,384
420,385
419,56
419,129
419,196
419,263
419,386
419,387
418,57
418,130
418,197
418,264
418,388
418,389
417,58
417,131
417,198
417,265
417,390
417,391
416,59
416,132
416,199
416,266
416,392
416,393
415,60
415,133
415,200
415,267
415,394
415,395
414,61
414,134
414,201
414,268
414,396
414,397
413,62
413,135
413,202
413,269
413,398
413,399
412,63
412,136
412,203
412,270
412,400
412,401
411,64
411,137
411,204
411,271
411,402
411,403
410,65
410,138
410,205
410,272
410,404
410,405
409,66
409,139
409,206
409,273
409,406
409,407
408,67
408,68
408,69
408,70
408,71
408,72
